,Voltage (pu),3ph Active Power (kW),3ph Reactive Power (kvar)
0.0,0.9999999999769713,-0.0,-0.0
0.001,0.9999999999769713,-0.0,-0.0
0.002,0.9999999999769713,-0.0,-0.0
0.003,0.9999999999769713,-0.0,-0.0
0.004,0.9999999999769713,-0.0,-0.0
0.005,0.9999999999769713,-0.0,-0.0
0.006,0.9999999999769713,-0.0,-0.0
0.007,0.9999999999769713,-0.0,-0.0
0.008,0.9999999999769713,-0.0,-0.0
0.009,0.9999999999769713,-0.0,-0.0
0.01,0.9999999999769713,-0.0,-0.0
0.011,0.9999999999769713,-0.0,-0.0
0.012,0.9999999999769713,-0.0,-0.0
0.013,0.9999999999769713,-0.0,-0.0
0.014,0.9999999999769713,-0.0,-0.0
0.015,0.9999999999769713,-0.0,-0.0
0.016,0.9999999999769713,-0.0,-0.0
0.017,0.9999999999769713,-0.0,-0.0
0.018,0.9999999999769713,-0.0,-0.0
0.019,0.9999999999769713,-0.0,-0.0
0.02,0.9999999999769713,-0.0,-0.0
0.021,0.9999999999769713,-0.0,-0.0
0.022,0.9999999999769713,-0.0,-0.0
0.023,0.9999999999769713,-0.0,-0.0
0.024,0.9999999999769713,-0.0,-0.0
0.025,0.9999999999769713,-0.0,-0.0
0.026,0.9999999999769713,-0.0,-0.0
0.027,0.9999999999769713,-0.0,-0.0
0.028,0.9999999999769713,-0.0,-0.0
0.029,0.9999999999769713,-0.0,-0.0
0.03,0.9999999999769713,-0.0,-0.0
0.031,0.9999999999769713,-0.0,-0.0
0.032,0.9999999999769713,-0.0,-0.0
0.033,0.9999999999769713,-0.0,-0.0
0.034,0.9999999999769713,-0.0,-0.0
0.035,0.9999999999769713,-0.0,-0.0
0.036,0.9999999999769713,-0.0,-0.0
0.037,0.9999999999769713,-0.0,-0.0
0.038,0.9999999999769713,-0.0,-0.0
0.039,0.9999999999769713,-0.0,-0.0
0.04,0.9999999999769713,-0.0,-0.0
0.041,0.9999999999769713,-0.0,-0.0
0.042,0.9999999999769713,-0.0,-0.0
0.043,0.9999999999769713,-0.0,-0.0
0.044,0.9999999999769713,-0.0,-0.0
0.045,0.9999999999769713,-0.0,-0.0
0.046,0.9999999999769713,-0.0,-0.0
0.047,0.9999999999769713,-0.0,-0.0
0.048,0.9999999999769713,-0.0,-0.0
0.049,0.9999999999769713,-0.0,-0.0
0.05,0.9999999999769713,-0.0,-0.0
0.051,0.9999999999769713,-0.0,-0.0
0.052,0.9999999999769713,-0.0,-0.0
0.053,0.9999999999769713,-0.0,-0.0
0.054,0.9999999999769713,-0.0,-0.0
0.055,0.9999999999769713,-0.0,-0.0
0.056,0.9999999999769713,-0.0,-0.0
0.057,0.9999999999769713,-0.0,-0.0
0.058,0.9999999999769713,-0.0,-0.0
0.059,0.9999999999769713,-0.0,-0.0
0.06,0.9999999999769713,-0.0,-0.0
0.061,0.9999999999769713,-0.0,-0.0
0.062,0.9999999999769713,-0.0,-0.0
0.063,0.9999999999769713,-0.0,-0.0
0.064,0.9999999999769713,-0.0,-0.0
0.065,0.9999999999769713,-0.0,-0.0
0.066,0.9999999999769713,-0.0,-0.0
0.067,0.9999999999769713,-0.0,-0.0
0.068,0.9999999999769713,-0.0,-0.0
0.069,0.9999999999769713,-0.0,-0.0
0.07,0.9999999999769713,-0.0,-0.0
0.071,0.9999999999769713,-0.0,-0.0
0.072,0.9999999999769713,-0.0,-0.0
0.073,0.9999999999769713,-0.0,-0.0
0.074,0.9999999999769713,-0.0,-0.0
0.075,0.9999999999769713,-0.0,-0.0
0.076,0.9999999999769713,-0.0,-0.0
0.077,0.9999999999769713,-0.0,-0.0
0.078,0.9999999999769713,-0.0,-0.0
0.079,0.9999999999769713,-0.0,-0.0
0.08,0.9999999999769713,-0.0,-0.0
0.081,0.9999999999769713,-0.0,-0.0
0.082,0.9999999999769713,-0.0,-0.0
0.083,0.9999999999769713,-0.0,-0.0
0.084,0.9999999999769713,-0.0,-0.0
0.085,0.9999999999769713,-0.0,-0.0
0.086,0.9999999999769713,-0.0,-0.0
0.087,0.9999999999769713,-0.0,-0.0
0.088,0.9999999999769713,-0.0,-0.0
0.089,0.9999999999769713,-0.0,-0.0
0.09,0.9999999999769713,-0.0,-0.0
0.091,0.9999999999769713,-0.0,-0.0
0.092,0.9999999999769713,-0.0,-0.0
0.093,0.9999999999769713,-0.0,-0.0
0.094,0.9999999999769713,-0.0,-0.0
0.095,0.9999999999769713,-0.0,-0.0
0.096,0.9999999999769713,-0.0,-0.0
0.097,0.9999999999769713,-0.0,-0.0
0.098,0.9999999999769713,-0.0,-0.0
0.099,0.9999999999769713,-0.0,-0.0
0.1,0.9999999999769713,-0.0,-0.0
0.101,0.9999999999769713,-0.0,-0.0
0.102,0.9999999999769713,-0.0,-0.0
0.103,0.9999999999769713,-0.0,-0.0
0.104,0.9999999999769713,-0.0,-0.0
0.105,0.9999999999769713,-0.0,-0.0
0.106,0.9999999999769713,-0.0,-0.0
0.107,0.9999999999769713,-0.0,-0.0
0.108,0.9999999999769713,-0.0,-0.0
0.109,0.9999999999769713,-0.0,-0.0
0.11,0.9999999999769713,-0.0,-0.0
0.111,0.9999999999769713,-0.0,-0.0
0.112,0.9999999999769713,-0.0,-0.0
0.113,0.9999999999769713,-0.0,-0.0
0.114,0.9999999999769713,-0.0,-0.0
0.115,0.9999999999769713,-0.0,-0.0
0.116,0.9999999999769713,-0.0,-0.0
0.117,0.9999999999769713,-0.0,-0.0
0.118,0.9999999999769713,-0.0,-0.0
0.119,0.9999999999769713,-0.0,-0.0
0.12,0.9999999999769713,-0.0,-0.0
0.121,0.9999999999769713,-0.0,-0.0
0.122,0.9999999999769713,-0.0,-0.0
0.123,0.9999999999769713,-0.0,-0.0
0.124,0.9999999999769713,-0.0,-0.0
0.125,0.9999999999769713,-0.0,-0.0
0.126,0.9999999999769713,-0.0,-0.0
0.127,0.9999999999769713,-0.0,-0.0
0.128,0.9999999999769713,-0.0,-0.0
0.129,0.9999999999769713,-0.0,-0.0
0.13,0.9999999999769713,-0.0,-0.0
0.131,0.9999999999769713,-0.0,-0.0
0.132,0.9999999999769713,-0.0,-0.0
0.133,0.9999999999769713,-0.0,-0.0
0.134,0.9999999999769713,-0.0,-0.0
0.135,0.9999999999769713,-0.0,-0.0
0.136,0.9999999999769713,-0.0,-0.0
0.137,0.9999999999769713,-0.0,-0.0
0.138,0.9999999999769713,-0.0,-0.0
0.139,0.9999999999769713,-0.0,-0.0
0.14,0.9999999999769713,-0.0,-0.0
0.141,0.9999999999769713,-0.0,-0.0
0.142,0.9999999999769713,-0.0,-0.0
0.143,0.9999999999769713,-0.0,-0.0
0.144,0.9999999999769713,-0.0,-0.0
0.145,0.9999999999769713,-0.0,-0.0
0.146,0.9999999999769713,-0.0,-0.0
0.147,0.9999999999769713,-0.0,-0.0
0.148,0.9999999999769713,-0.0,-0.0
0.149,0.9999999999769713,-0.0,-0.0
0.15,0.9999999999769713,-0.0,-0.0
0.151,0.9999999999769713,-0.0,-0.0
0.152,0.9999999999769713,-0.0,-0.0
0.153,0.9999999999769713,-0.0,-0.0
0.154,0.9999999999769713,-0.0,-0.0
0.155,0.9999999999769713,-0.0,-0.0
0.156,0.9999999999769713,-0.0,-0.0
0.157,0.9999999999769713,-0.0,-0.0
0.158,0.9999999999769713,-0.0,-0.0
0.159,0.9999999999769713,-0.0,-0.0
0.16,0.9999999999769713,-0.0,-0.0
0.161,0.9999999999769713,-0.0,-0.0
0.162,0.9999999999769713,-0.0,-0.0
0.163,0.9999999999769713,-0.0,-0.0
0.164,0.9999999999769713,-0.0,-0.0
0.165,0.9999999999769713,-0.0,-0.0
0.166,0.9999999999769713,-0.0,-0.0
0.167,0.9999999999769713,-0.0,-0.0
0.168,0.9999999999769713,-0.0,-0.0
0.169,0.9999999999769713,-0.0,-0.0
0.17,0.9999999999769713,-0.0,-0.0
0.171,0.9999999999769713,-0.0,-0.0
0.172,0.9999999999769713,-0.0,-0.0
0.173,0.9999999999769713,-0.0,-0.0
0.174,0.9999999999769713,-0.0,-0.0
0.175,0.9999999999769713,-0.0,-0.0
0.176,0.9999999999769713,-0.0,-0.0
0.177,0.9999999999769713,-0.0,-0.0
0.178,0.9999999999769713,-0.0,-0.0
0.179,0.9999999999769713,-0.0,-0.0
0.18,0.9999999999769713,-0.0,-0.0
0.181,0.9999999999769713,-0.0,-0.0
0.182,0.9999999999769713,-0.0,-0.0
0.183,0.9999999999769713,-0.0,-0.0
0.184,0.9999999999769713,-0.0,-0.0
0.185,0.9999999999769713,-0.0,-0.0
0.186,0.9999999999769713,-0.0,-0.0
0.187,0.9999999999769713,-0.0,-0.0
0.188,0.9999999999769713,-0.0,-0.0
0.189,0.9999999999769713,-0.0,-0.0
0.19,0.9999999999769713,-0.0,-0.0
0.191,0.9999999999769713,-0.0,-0.0
0.192,0.9999999999769713,-0.0,-0.0
0.193,0.9999999999769713,-0.0,-0.0
0.194,0.9999999999769713,-0.0,-0.0
0.195,0.9999999999769713,-0.0,-0.0
0.196,0.9999999999769713,-0.0,-0.0
0.197,0.9999999999769713,-0.0,-0.0
0.198,0.9999999999769713,-0.0,-0.0
0.199,0.9999999999769713,-0.0,-0.0
0.2,0.999999999981767,182.66666666666663,-91.33333333333333
0.201,0.9999999999817919,183.61350000000004,-91.80675000000002
0.202,0.9999999999818167,184.5606666666667,-92.28033333333335
0.203,0.9999999999818415,185.5081666666667,-92.75408333333334
0.204,0.9999999999818665,186.45600000000002,-93.22800000000001
0.205,0.9999999999818915,187.40416666666667,-93.70208333333332
0.206,0.9999999999819164,188.35266666666666,-94.17633333333333
0.207,0.9999999999819411,189.30149999999998,-94.65075
0.208,0.999999999981966,190.25066666666672,-95.12533333333336
0.209,0.999999999981991,191.20016666666672,-95.60008333333334
0.21,0.999999999982016,192.14999999999998,-96.07499999999999
0.211,0.999999999982041,193.10016666666667,-96.55008333333333
0.212,0.9999999999820659,194.0506666666667,-97.02533333333334
0.213,0.9999999999820909,195.00150000000002,-97.50075000000001
0.214,0.9999999999821159,195.95266666666672,-97.97633333333334
0.215,0.9999999999821407,196.90416666666667,-98.45208333333333
0.216,0.9999999999821657,197.856,-98.928
0.217,0.9999999999821908,198.8081666666667,-99.40408333333335
0.218,0.9999999999822158,199.76066666666668,-99.88033333333334
0.219,0.9999999999822407,200.71349999999995,-100.35674999999998
0.22,0.9999999999822657,201.66666666666669,-100.83333333333334
0.221,0.9999999999822909,202.6201666666667,-101.31008333333335
0.222,0.9999999999823158,203.574,-101.787
0.223,0.999999999982341,204.5281666666667,-102.26408333333335
0.224,0.9999999999823658,205.48266666666666,-102.74133333333333
0.225,0.9999999999823911,206.4375,-103.21874999999997
0.226,0.9999999999824161,207.39266666666668,-103.69633333333334
0.227,0.9999999999824414,208.3481666666667,-104.17408333333331
0.228,0.9999999999824664,209.304,-104.652
0.229,0.9999999999824914,210.26016666666663,-105.13008333333332
0.23,0.9999999999825165,211.21666666666664,-105.60833333333332
0.231,0.9999999999825416,212.17350000000005,-106.08675000000002
0.232,0.9999999999825668,213.13066666666668,-106.56533333333334
0.233,0.9999999999825918,214.08816666666667,-107.04408333333333
0.234,0.9999999999826169,215.04600000000005,-107.52300000000002
0.235,0.9999999999826422,216.00416666666672,-108.00208333333335
0.236,0.9999999999826673,216.96266666666668,-108.48133333333335
0.237,0.9999999999826927,217.92150000000004,-108.96075
0.238,0.9999999999827177,218.88066666666668,-109.44033333333338
0.239,0.9999999999827428,219.84016666666668,-109.92008333333334
0.24,0.9999999999827683,220.8,-110.40000000000003
0.241,0.999999999982793,221.75012500000003,-110.87506250000001
0.242,0.9999999999828182,222.70050000000003,-111.35025000000003
0.243,0.999999999982843,223.651125,-111.8255625
0.244,0.999999999982868,224.602,-112.301
0.245,0.9999999999828929,225.55312499999997,-112.77656249999998
0.246,0.9999999999829177,226.50449999999998,-113.25225
0.247,0.9999999999829429,227.456125,-113.7280625
0.248,0.999999999982968,228.408,-114.20400000000004
0.249,0.9999999999829928,229.36012500000004,-114.68006250000002
0.25,0.9999999999830179,230.31249999999994,-115.15625
0.251,0.9999999999830429,231.265125,-115.63256250000002
0.252,0.9999999999830679,232.21800000000007,-116.10900000000001
0.253,0.9999999999830929,233.17112500000002,-116.58556250000001
0.254,0.999999999983118,234.1245,-117.06225
0.255,0.9999999999831432,235.07812500000006,-117.5390625
0.256,0.9999999999831681,236.032,-118.01599999999996
0.257,0.999999999983193,236.98612500000002,-118.49306250000001
0.258,0.9999999999832182,237.9405,-118.97025000000001
0.259,0.9999999999832433,238.89512500000006,-119.44756250000003
0.26,0.9999999999832683,239.85000000000002,-119.92499999999998
0.261,0.9999999999832933,240.80512499999998,-120.40256250000002
0.262,0.9999999999833185,241.76049999999995,-120.88024999999999
0.263,0.9999999999833434,242.71612500000003,-121.35806250000002
0.264,0.9999999999833685,243.67200000000005,-121.83600000000004
0.265,0.9999999999833938,244.628125,-122.31406249999996
0.266,0.9999999999834188,245.58450000000002,-122.79225000000001
0.267,0.999999999983444,246.54112500000002,-123.27056250000004
0.268,0.999999999983469,247.49800000000002,-123.749
0.269,0.9999999999834939,248.45512500000007,-124.22756250000003
0.27,0.9999999999835194,249.41250000000005,-124.70625000000001
0.271,0.9999999999835444,250.37012499999992,-125.18506250000002
0.272,0.9999999999835697,251.32799999999997,-125.66399999999999
0.273,0.9999999999835947,252.28612500000003,-126.14306250000001
0.274,0.9999999999836201,253.24450000000004,-126.62225000000002
0.275,0.9999999999836452,254.20312500000006,-127.10156250000003
0.276,0.9999999999836703,255.16199999999998,-127.581
0.277,0.9999999999836955,256.12112499999995,-128.06056249999997
0.278,0.9999999999837206,257.08050000000003,-128.54025000000001
0.279,0.9999999999837458,258.040125,-129.0200625
0.28,0.9999999999837711,259.0,-129.5
0.281,0.9999999999837963,259.96012500000006,-129.9800625
0.282,0.9999999999838215,260.9205,-130.46025000000003
0.283,0.9999999999838468,261.881125,-130.9405625
0.284,0.9999999999838719,262.842,-131.421
0.285,0.9999999999838972,263.80312499999997,-131.9015625
0.286,0.9999999999839224,264.76450000000006,-132.38225
0.287,0.9999999999839477,265.726125,-132.8630625
0.288,0.9999999999839728,266.688,-133.344
0.289,0.9999999999839982,267.650125,-133.82506249999997
0.29,0.9999999999840236,268.61249999999995,-134.30625
0.291,0.9999999999840486,269.57512499999996,-134.78756249999998
0.292,0.9999999999840742,270.538,-135.269
0.293,0.9999999999840993,271.501125,-135.75056250000003
0.294,0.9999999999841246,272.4645,-136.23225
0.295,0.99999999998415,273.428125,-136.7140625
0.296,0.9999999999841752,274.392,-137.19600000000003
0.297,0.9999999999842005,275.356125,-137.6780625
0.298,0.9999999999842258,276.32050000000004,-138.16025
0.299,0.999999999984251,277.285125,-138.6425625
0.3,0.9999999999842766,278.25,-139.125
0.301,0.9999999999843019,279.21512500000006,-139.60756250000003
0.302,0.9999999999843272,280.18050000000005,-140.09025
0.303,0.9999999999843526,281.1461250000001,-140.57306250000002
0.304,0.9999999999843778,282.1120000000001,-141.056
0.305,0.9999999999844033,283.078125,-141.5390625
0.306,0.9999999999844286,284.0445,-142.02224999999999
0.307,0.999999999984454,285.011125,-142.5055625
0.308,0.9999999999844793,285.97800000000007,-142.989
0.309,0.9999999999845047,286.9451250000001,-143.4725625
0.31,0.99999999998453,287.9124999999999,-143.95624999999998
0.311,0.9999999999845557,288.880125,-144.4400625
0.312,0.9999999999845811,289.848,-144.92399999999998
0.313,0.9999999999846064,290.81612499999994,-145.40806249999997
0.314,0.9999999999846317,291.7845,-145.89225000000002
0.315,0.9999999999846574,292.753125,-146.37656249999998
0.316,0.9999999999846828,293.722,-146.86099999999996
0.317,0.9999999999847081,294.691125,-147.34556250000003
0.318,0.9999999999847338,295.6605,-147.83025
0.319,0.9999999999847589,296.6301249999999,-148.3150625
0.32,0.9999999999847844,297.59999999999997,-148.8
0.321,0.9999999999848098,298.5701250000001,-149.28506249999998
0.322,0.9999999999848354,299.5405,-149.77025
0.323,0.999999999984861,300.511125,-150.2555625
0.324,0.9999999999848865,301.48199999999997,-150.74099999999999
0.325,0.9999999999849116,302.453125,-151.2265625
0.326,0.9999999999849375,303.4245,-151.71225
0.327,0.9999999999849629,304.39612500000004,-152.19806250000002
0.328,0.9999999999849883,305.36799999999994,-152.68399999999997
0.329,0.9999999999850142,306.340125,-153.17006250000003
0.33,0.9999999999850396,307.3125,-153.65625
0.331,0.999999999985065,308.285125,-154.1425625
0.332,0.9999999999850907,309.258,-154.629
0.333,0.9999999999851161,310.23112499999996,-155.1155625
0.334,0.9999999999851417,311.20450000000005,-155.60225000000003
0.335,0.9999999999851672,312.178125,-156.0890625
0.336,0.9999999999851927,313.1520000000001,-156.57600000000002
0.337,0.9999999999852185,314.12612500000006,-157.06306250000003
0.338,0.999999999985244,315.1005,-157.55024999999998
0.339,0.9999999999852694,316.0751249999999,-158.03756249999995
0.34,0.9999999999852951,317.05,-158.525
0.341,0.999999999985321,318.02512499999995,-159.01256249999997
0.342,0.9999999999853462,319.0005,-159.50025
0.343,0.9999999999853721,319.976125,-159.9880625
0.344,0.9999999999853975,320.95200000000006,-160.476
0.345,0.9999999999854233,321.928125,-160.96406249999998
0.346,0.9999999999854489,322.9045,-161.45225
0.347,0.9999999999854745,323.881125,-161.9405625
0.348,0.9999999999855003,324.858,-162.42900000000003
0.349,0.9999999999855259,325.835125,-162.9175625
0.35,0.9999999999855514,326.8125,-163.40624999999997
0.351,0.9999999999855772,327.790125,-163.89506249999997
0.352,0.9999999999856026,328.7679999999999,-164.38399999999996
0.353,0.9999999999856285,329.746125,-164.87306249999997
0.354,0.9999999999856544,330.72450000000003,-165.36225000000002
0.355,0.9999999999856798,331.703125,-165.8515625
0.356,0.9999999999857054,332.682,-166.341
0.357,0.9999999999857313,333.661125,-166.83056249999998
0.358,0.9999999999857571,334.64050000000003,-167.32025
0.359,0.9999999999857828,335.620125,-167.81006250000002
0.36,0.9999999999858086,336.5999999999999,-168.3
0.361,0.9999999999858342,337.580125,-168.79006250000003
0.362,0.9999999999858601,338.5605,-169.28025
0.363,0.9999999999858856,339.54112499999997,-169.77056249999995
0.364,0.9999999999859115,340.52200000000005,-170.26100000000002
0.365,0.9999999999859371,341.503125,-170.7515625
0.366,0.9999999999859629,342.48449999999997,-171.24224999999998
0.367,0.9999999999859888,343.466125,-171.73306250000002
0.368,0.9999999999860145,344.44800000000004,-172.224
0.369,0.9999999999860403,345.4301250000001,-172.71506250000004
0.37,0.9999999999860663,346.4125,-173.20625
0.371,0.9999999999860919,347.395125,-173.6975625
0.372,0.9999999999861177,348.37800000000004,-174.18900000000002
0.373,0.9999999999861436,349.3611249999999,-174.68056249999998
0.374,0.9999999999861694,350.34450000000004,-175.17225000000002
0.375,0.9999999999861952,351.328125,-175.66406249999997
0.376,0.9999999999862209,352.31199999999995,-176.15599999999998
0.377,0.9999999999862469,353.29612499999996,-176.6480625
0.378,0.9999999999862729,354.28049999999996,-177.14025
0.379,0.9999999999862985,355.265125,-177.6325625
0.38,0.9999999999863244,356.25,-178.125
0.381,0.9999999999863503,357.235125,-178.6175625
0.382,0.9999999999863761,358.2204999999999,-179.11024999999998
0.383,0.999999999986402,359.206125,-179.60306250000002
0.384,0.999999999986428,360.192,-180.096
0.385,0.9999999999864537,361.17812499999997,-180.58906249999998
0.386,0.9999999999864797,362.1645000000001,-181.08225000000004
0.387,0.9999999999865056,363.151125,-181.5755625
0.388,0.9999999999865314,364.13800000000003,-182.06900000000002
0.389,0.9999999999865574,365.1251249999999,-182.56256249999998
0.39,0.9999999999865833,366.11249999999995,-183.05624999999998
0.391,0.9999999999866094,367.100125,-183.55006249999997
0.392,0.9999999999866352,368.0879999999999,-184.04399999999998
0.393,0.9999999999866611,369.076125,-184.53806250000002
0.394,0.9999999999866872,370.0645,-185.03225
0.395,0.999999999986713,371.05312499999997,-185.52656249999998
0.396,0.9999999999867392,372.042,-186.02100000000004
0.397,0.999999999986765,373.031125,-186.5155625
0.398,0.999999999986791,374.0205,-187.01025
0.399,0.9999999999868171,375.0101250000001,-187.5050625
0.4,0.9999999999868426,375.99999999999994,-188.0
0.401,0.999999999986869,376.99012500000003,-188.49506250000002
0.402,0.9999999999868949,377.9805,-188.99025
0.403,0.9999999999869209,378.971125,-189.4855625
0.404,0.9999999999869469,379.962,-189.981
0.405,0.999999999986973,380.95312499999994,-190.4765625
0.406,0.9999999999869991,381.94449999999995,-190.97224999999997
0.407,0.999999999987025,382.936125,-191.4680625
0.408,0.9999999999870511,383.928,-191.96399999999997
0.409,0.999999999987077,384.920125,-192.46006250000002
0.41,0.9999999999871031,385.91249999999997,-192.95625
0.411,0.9999999999871293,386.905125,-193.4525625
0.412,0.9999999999871552,387.8979999999999,-193.94899999999998
0.413,0.9999999999871815,388.891125,-194.44556250000002
0.414,0.9999999999872076,389.8845,-194.94225
0.415,0.9999999999872337,390.878125,-195.4390625
0.416,0.9999999999872595,391.8719999999999,-195.93599999999995
0.417,0.9999999999872857,392.866125,-196.4330625
0.418,0.9999999999873117,393.8605,-196.93025
0.419,0.9999999999873381,394.85512500000004,-197.42756250000002
0.42,0.9999999999873641,395.84999999999997,-197.92499999999995
0.421,0.99999999998739,396.84512500000005,-198.42256250000003
0.422,0.9999999999874163,397.8404999999998,-198.9202499999999
0.423,0.9999999999874424,398.83612500000004,-199.41806250000002
0.424,0.9999999999874687,399.83200000000016,-199.91600000000008
0.425,0.9999999999874947,400.8281249999999,-200.41406249999994
0.426,0.9999999999875211,401.8244999999999,-200.91224999999994
0.427,0.9999999999875471,402.821125,-201.4105625
0.428,0.9999999999875733,403.818,-201.909
0.429,0.9999999999875995,404.81512499999997,-202.4075625
0.43,0.9999999999876256,405.81249999999994,-202.90625
0.431,0.9999999999876518,406.8101250000001,-203.40506250000004
0.432,0.9999999999876781,407.80799999999994,-203.90399999999997
0.433,0.9999999999877042,408.806125,-204.4030625
0.434,0.9999999999877304,409.8045000000001,-204.90224999999992
0.435,0.9999999999877567,410.8031249999999,-205.4015625
0.436,0.9999999999877828,411.802,-205.90100000000007
0.437,0.9999999999878092,412.80112499999996,-206.40056250000004
0.438,0.9999999999878352,413.80050000000006,-206.90025000000003
0.439,0.9999999999878618,414.800125,-207.4000625
0.44,0.9999999999878878,415.79999999999984,-207.89999999999995
0.441,0.9999999999879141,416.80012500000004,-208.40006250000002
0.442,0.9999999999879404,417.80049999999994,-208.90025000000003
0.443,0.9999999999879667,418.80112499999984,-209.40056249999992
0.444,0.999999999987993,419.8020000000001,-209.90100000000004
0.445,0.9999999999880193,420.8031250000001,-210.40156250000004
0.446,0.9999999999880456,421.8045000000001,-210.90225000000007
0.447,0.9999999999880718,422.80612499999995,-211.40306249999995
0.448,0.9999999999880981,423.8080000000001,-211.90400000000005
0.449,0.9999999999881245,424.81012499999997,-212.40506250000004
0.45,0.9999999999881508,425.8124999999999,-212.90624999999994
0.451,0.999999999988177,426.8151250000001,-213.40756250000004
0.452,0.9999999999882033,427.81799999999987,-213.90899999999993
0.453,0.9999999999882297,428.82112499999994,-214.41056249999997
0.454,0.9999999999882561,429.82450000000006,-214.91225
0.455,0.9999999999882823,430.8281249999999,-215.41406249999994
0.456,0.9999999999883087,431.8320000000001,-215.91600000000003
0.457,0.9999999999883352,432.836125,-216.4180625
0.458,0.9999999999883614,433.84049999999996,-216.9202499999999
0.459,0.999999999988388,434.845125,-217.4225625
0.46,0.999999999988414,435.85000000000014,-217.92500000000004
0.461,0.9999999999884407,436.85512500000004,-218.42756250000002
0.462,0.9999999999884669,437.8605,-218.93025
0.463,0.9999999999884934,438.86612499999995,-219.43306249999995
0.464,0.99999999998852,439.8719999999999,-219.93599999999995
0.465,0.9999999999885463,440.87812499999995,-220.43906250000003
0.466,0.9999999999885726,441.88449999999995,-220.94225
0.467,0.999999999988599,442.89112500000005,-221.44556250000002
0.468,0.9999999999886254,443.8979999999999,-221.94900000000007
0.469,0.999999999988652,444.90512500000006,-222.45256250000003
0.47,0.9999999999886785,445.9125,-222.95625
0.471,0.9999999999887049,446.920125,-223.46006249999996
0.472,0.9999999999887313,447.928,-223.964
0.473,0.9999999999887578,448.93612499999995,-224.4680625
0.474,0.9999999999887845,449.94449999999995,-224.97225000000003
0.475,0.9999999999888106,450.9531250000001,-225.47656249999997
0.476,0.9999999999888372,451.962,-225.981
0.477,0.9999999999888638,452.9711249999999,-226.48556249999996
0.478,0.9999999999888901,453.98050000000006,-226.99025000000003
0.479,0.9999999999889168,454.99012500000003,-227.49506250000002
0.48,0.9999999999889433,456.0,-228.00000000000006
0.481,0.999999999988969,456.9834027777778,-228.49170138888888
0.482,0.9999999999889951,457.96694444444444,-228.98347222222222
0.483,0.9999999999890208,458.95062499999995,-229.47531249999997
0.484,0.9999999999890467,459.93444444444447,-229.96722222222223
0.485,0.9999999999890725,460.9184027777778,-230.45920138888886
0.486,0.9999999999890982,461.9025000000001,-230.95125000000002
0.487,0.9999999999891241,462.88673611111096,-231.44336805555554
0.488,0.99999999998915,463.8711111111111,-231.93555555555554
0.489,0.9999999999891758,464.85562500000003,-232.42781250000004
0.49,0.9999999999892017,465.84027777777766,-232.92013888888886
0.491,0.9999999999892276,466.82506944444447,-233.41253472222223
0.492,0.9999999999892534,467.81000000000006,-233.905
0.493,0.9999999999892794,468.79506944444444,-234.39753472222222
0.494,0.9999999999893051,469.78027777777777,-234.8901388888889
0.495,0.9999999999893311,470.765625,-235.3828125
0.496,0.9999999999893567,471.75111111111113,-235.87555555555554
0.497,0.9999999999893826,472.736736111111,-236.3683680555555
0.498,0.9999999999894086,473.72249999999985,-236.86124999999996
0.499,0.9999999999894345,474.7084027777778,-237.3542013888889
0.5,0.9999999999894604,475.69444444444434,-237.84722222222223
0.501,0.9999999999894861,476.6806250000001,-238.34031249999998
0.502,0.9999999999895123,477.6669444444444,-238.83347222222227
0.503,0.9999999999895381,478.6534027777777,-239.32670138888892
0.504,0.9999999999895638,479.64,-239.82000000000005
0.505,0.9999999999895899,480.6267361111111,-240.31336805555554
0.506,0.9999999999896158,481.61361111111114,-240.80680555555557
0.507,0.9999999999896416,482.6006249999999,-241.3003124999999
0.508,0.9999999999896677,483.5877777777778,-241.79388888888886
0.509,0.9999999999896935,484.57506944444435,-242.2875347222222
0.51,0.9999999999897196,485.56250000000006,-242.78125000000003
0.511,0.9999999999897454,486.5500694444446,-243.27503472222224
0.512,0.9999999999897713,487.5377777777778,-243.7688888888889
0.513,0.9999999999897973,488.52562500000005,-244.26281250000002
0.514,0.9999999999898231,489.5136111111112,-244.7568055555556
0.515,0.9999999999898492,490.5017361111111,-245.25086805555554
0.516,0.9999999999898751,491.4899999999999,-245.74499999999998
0.517,0.999999999989901,492.4784027777776,-246.23920138888883
0.518,0.9999999999899271,493.4669444444444,-246.7334722222222
0.519,0.9999999999899529,494.4556249999998,-247.22781249999997
0.52,0.9999999999899789,495.44444444444434,-247.72222222222217
0.521,0.999999999990005,496.43340277777776,-248.21670138888888
0.522,0.999999999990031,497.4224999999999,-248.71124999999992
0.523,0.9999999999900568,498.4117361111112,-249.20586805555558
0.524,0.9999999999900828,499.40111111111105,-249.70055555555558
0.525,0.9999999999901089,500.390625,-250.1953125
0.526,0.9999999999901348,501.38027777777774,-250.69013888888887
0.527,0.9999999999901608,502.3700694444444,-251.1850347222222
0.528,0.9999999999901867,503.36,-251.68
0.529,0.9999999999902126,504.35006944444444,-252.17503472222225
0.53,0.9999999999902387,505.3402777777777,-252.67013888888886
0.531,0.9999999999902646,506.3306249999999,-253.16531249999994
0.532,0.9999999999902907,507.321111111111,-253.66055555555556
0.533,0.9999999999903167,508.31173611111114,-254.15586805555563
0.534,0.999999999990343,509.30249999999995,-254.65125
0.535,0.9999999999903688,510.29340277777777,-255.14670138888889
0.536,0.9999999999903948,511.2844444444444,-255.64222222222227
0.537,0.9999999999904209,512.2756250000001,-256.13781250000005
0.538,0.9999999999904468,513.2669444444444,-256.6334722222223
0.539,0.9999999999904731,514.2584027777779,-257.12920138888893
0.54,0.9999999999904989,515.25,-257.625
0.541,0.9999999999905249,516.2417361111111,-258.12086805555555
0.542,0.999999999990551,517.233611111111,-258.61680555555563
0.543,0.9999999999905769,518.225625,-259.1128125
0.544,0.9999999999906033,519.2177777777779,-259.60888888888894
0.545,0.9999999999906292,520.2100694444445,-260.1050347222223
0.546,0.9999999999906553,521.2025,-260.60125000000005
0.547,0.9999999999906812,522.1950694444442,-261.09753472222224
0.548,0.9999999999907073,523.1877777777776,-261.5938888888889
0.549,0.9999999999907333,524.180625,-262.0903125
0.55,0.9999999999907594,525.1736111111111,-262.58680555555554
0.551,0.9999999999907855,526.166736111111,-263.08336805555547
0.552,0.9999999999908116,527.16,-263.5799999999999
0.553,0.9999999999908377,528.1534027777778,-264.0767013888889
0.554,0.9999999999908638,529.1469444444444,-264.5734722222222
0.555,0.99999999999089,530.140625,-265.0703125
0.556,0.9999999999909158,531.1344444444443,-265.5672222222222
0.557,0.9999999999909422,532.1284027777776,-266.0642013888889
0.558,0.9999999999909681,533.1225000000001,-266.56125
0.559,0.9999999999909942,534.1167361111111,-267.05836805555555
0.56,0.9999999999910203,535.1111111111111,-267.55555555555554
0.561,0.9999999999910465,536.1056249999999,-268.05281249999996
0.562,0.9999999999910727,537.1002777777778,-268.5501388888889
0.563,0.9999999999910986,538.0950694444446,-269.0475347222223
0.564,0.9999999999911247,539.0899999999999,-269.54499999999996
0.565,0.9999999999911509,540.0850694444443,-270.0425347222222
0.566,0.999999999991177,541.0802777777778,-270.5401388888889
0.567,0.9999999999912033,542.0756250000002,-271.0378125000001
0.568,0.9999999999912295,543.0711111111111,-271.53555555555556
0.569,0.9999999999912557,544.066736111111,-272.03336805555557
0.57,0.9999999999912816,545.0625,-272.53125000000006
0.571,0.9999999999913077,546.0584027777777,-273.02920138888885
0.572,0.9999999999913339,547.0544444444445,-273.52722222222224
0.573,0.9999999999913601,548.050625,-274.0253124999999
0.574,0.9999999999913861,549.0469444444445,-274.5234722222222
0.575,0.9999999999914124,550.0434027777777,-275.0217013888889
0.576,0.9999999999914386,551.04,-275.52
0.577,0.9999999999914648,552.0367361111112,-276.0183680555556
0.578,0.9999999999914908,553.0336111111111,-276.51680555555555
0.579,0.999999999991517,554.030625,-277.01531250000005
0.58,0.9999999999915435,555.0277777777778,-277.5138888888889
0.581,0.9999999999915695,556.0250694444444,-278.0125347222222
0.582,0.9999999999915958,557.0224999999999,-278.5112499999999
0.583,0.9999999999916219,558.0200694444444,-279.0100347222222
0.584,0.9999999999916482,559.0177777777776,-279.50888888888886
0.585,0.9999999999916743,560.015625,-280.00781250000006
0.586,0.9999999999917003,561.0136111111112,-280.50680555555556
0.587,0.9999999999917267,562.0117361111111,-281.00586805555554
0.588,0.999999999991753,563.01,-281.505
0.589,0.9999999999917791,564.0084027777777,-282.0042013888889
0.59,0.9999999999918054,565.0069444444446,-282.5034722222223
0.591,0.9999999999918315,566.005625,-283.00281250000006
0.592,0.999999999991858,567.0044444444444,-283.50222222222214
0.593,0.9999999999918839,568.0034027777778,-284.00170138888893
0.594,0.9999999999919104,569.0024999999999,-284.5012499999999
0.595,0.9999999999919363,570.0017361111112,-285.0008680555556
0.596,0.9999999999919627,571.0011111111112,-285.5005555555556
0.597,0.9999999999919889,572.000625,-286.0003125
0.598,0.9999999999920152,573.0002777777776,-286.50013888888884
0.599,0.9999999999920415,574.0000694444444,-287.0000347222222
0.6,0.9999999999920676,575.0,-287.5
0.601,0.999999999992094,576.0000694444444,-288.0000347222222
0.602,0.9999999999921203,577.0002777777778,-288.5001388888889
0.603,0.9999999999921465,578.000625,-289.0003125
0.604,0.9999999999921728,579.0011111111112,-289.5005555555556
0.605,0.9999999999921989,580.0017361111111,-290.00086805555554
0.606,0.9999999999922252,581.0024999999998,-290.5012499999999
0.607,0.9999999999922514,582.0034027777779,-291.00170138888893
0.608,0.9999999999922777,583.0044444444445,-291.50222222222226
0.609,0.999999999992304,584.005625,-292.00281249999995
0.61,0.9999999999923305,585.0069444444445,-292.50347222222223
0.611,0.9999999999923567,586.0084027777777,-293.0042013888889
0.612,0.999999999992383,587.01,-293.50500000000005
0.613,0.9999999999924094,588.0117361111113,-294.0058680555556
0.614,0.9999999999924355,589.0136111111111,-294.5068055555555
0.615,0.9999999999924619,590.015625,-295.0078125
0.616,0.9999999999924881,591.0177777777777,-295.50888888888886
0.617,0.9999999999925144,592.0200694444443,-296.01003472222214
0.618,0.999999999992541,593.0225,-296.51124999999996
0.619,0.9999999999925671,594.0250694444444,-297.0125347222222
0.62,0.9999999999925936,595.0277777777777,-297.51388888888886
0.621,0.9999999999926199,596.030625,-298.0153125
0.622,0.9999999999926462,597.0336111111111,-298.5168055555555
0.623,0.9999999999926725,598.036736111111,-299.0183680555555
0.624,0.9999999999926988,599.04,-299.52000000000004
0.625,0.9999999999927263,600.0434027777776,-300.00000000000006
0.626,0.9999999999927791,601.0469444444444,-300.00000000000006
0.627,0.9999999999928317,602.050625,-300.0
0.628,0.9999999999928844,603.0544444444446,-300.0
0.629,0.9999999999929372,604.0584027777778,-300.00000000000006
0.63,0.9999999999929898,605.0625,-299.99999999999994
0.631,0.9999999999930428,606.066736111111,-300.0
0.632,0.9999999999930953,607.0711111111111,-299.99999999999994
0.633,0.9999999999931481,608.075625,-300.0
0.634,0.9999999999932009,609.0802777777778,-300.0
0.635,0.9999999999932534,610.0850694444446,-300.0
0.636,0.9999999999933064,611.0899999999999,-299.99999999999994
0.637,0.9999999999933591,612.0950694444446,-300.0
0.638,0.999999999993412,613.1002777777779,-299.99999999999994
0.639,0.9999999999934646,614.1056249999999,-299.99999999999994
0.64,0.9999999999935174,615.1111111111113,-300.00000000000006
0.641,0.9999999999935701,616.116736111111,-300.00000000000006
0.642,0.9999999999936233,617.1225000000001,-300.0
0.643,0.9999999999936761,618.1284027777779,-299.99999999999994
0.644,0.9999999999937288,619.1344444444444,-300.0
0.645,0.9999999999937816,620.140625,-300.0
0.646,0.9999999999938345,621.1469444444444,-299.99999999999994
0.647,0.9999999999938873,622.1534027777777,-300.0
0.648,0.9999999999939401,623.16,-300.00000000000006
0.649,0.999999999993993,624.166736111111,-300.0
0.65,0.9999999999940459,625.1736111111113,-299.99999999999994
0.651,0.9999999999940987,626.180625,-299.99999999999994
0.652,0.9999999999941517,627.1877777777776,-299.99999999999994
0.653,0.9999999999942046,628.1950694444445,-299.99999999999994
0.654,0.9999999999942574,629.2024999999999,-300.0
0.655,0.9999999999943106,630.2100694444446,-299.99999999999994
0.656,0.9999999999943634,631.2177777777778,-300.00000000000006
0.657,0.9999999999944161,632.2256249999999,-299.99999999999994
0.658,0.999999999994469,633.233611111111,-300.0
0.659,0.999999999994522,634.2417361111111,-300.0
0.66,0.9999999999945748,635.2500000000001,-300.0
0.661,0.999999999994628,636.2584027777777,-299.99999999999994
0.662,0.9999999999946809,637.2669444444444,-300.0
0.663,0.999999999994734,638.275625,-299.99999999999994
0.664,0.9999999999947868,639.2844444444444,-300.0
0.665,0.9999999999948398,640.2934027777777,-300.0
0.666,0.9999999999948929,641.3025,-300.0
0.667,0.9999999999949458,642.3117361111111,-300.0
0.668,0.9999999999949989,643.3211111111112,-300.00000000000006
0.669,0.9999999999950516,644.3306250000002,-300.0
0.67,0.9999999999951049,645.3402777777778,-300.0
0.671,0.9999999999951578,646.3500694444446,-300.0
0.672,0.9999999999952112,647.3599999999999,-299.99999999999994
0.673,0.999999999995264,648.3700694444444,-300.0
0.674,0.999999999995317,649.3802777777777,-300.0
0.675,0.9999999999953699,650.3906250000001,-300.00000000000006
0.676,0.999999999995423,651.401111111111,-299.99999999999994
0.677,0.9999999999954761,652.4117361111109,-299.99999999999994
0.678,0.9999999999955294,653.4225,-300.0
0.679,0.9999999999955822,654.4334027777777,-300.0
0.68,0.9999999999956353,655.4444444444446,-300.0
0.681,0.9999999999956884,656.4556249999998,-299.99999999999994
0.682,0.9999999999957419,657.4669444444444,-299.99999999999994
0.683,0.9999999999957947,658.4784027777778,-300.0
0.684,0.9999999999958478,659.4900000000001,-300.0
0.685,0.999999999995901,660.5017361111111,-300.00000000000006
0.686,0.9999999999959542,661.5136111111111,-300.0
0.687,0.9999999999960072,662.525625,-300.00000000000006
0.688,0.9999999999960603,663.5377777777779,-300.00000000000006
0.689,0.9999999999961137,664.5500694444445,-300.00000000000006
0.69,0.9999999999961667,665.5624999999999,-299.99999999999994
0.691,0.9999999999962199,666.5750694444444,-300.0
0.692,0.999999999996273,667.5877777777778,-300.0
0.693,0.9999999999963262,668.600625,-300.0
0.694,0.9999999999963793,669.6136111111109,-300.0
0.695,0.9999999999964326,670.6267361111111,-300.0
0.696,0.9999999999964856,671.6399999999999,-300.0
0.697,0.9999999999965392,672.6534027777777,-299.99999999999994
0.698,0.9999999999965925,673.6669444444444,-300.0
0.699,0.9999999999966456,674.680625,-300.0
0.7,0.9999999999966988,675.6944444444446,-300.0
0.701,0.9999999999967519,676.7084027777776,-300.0
0.702,0.9999999999968051,677.7225,-300.00000000000006
0.703,0.9999999999968584,678.7367361111111,-299.99999999999994
0.704,0.9999999999969117,679.7511111111112,-300.0
0.705,0.9999999999969651,680.765625,-300.00000000000006
0.706,0.9999999999970184,681.7802777777777,-300.0
0.707,0.9999999999970717,682.7950694444445,-300.0
0.708,0.999999999997125,683.81,-299.99999999999994
0.709,0.9999999999971783,684.8250694444446,-300.0
0.71,0.9999999999972314,685.8402777777778,-300.00000000000006
0.711,0.9999999999972848,686.855625,-300.0
0.712,0.9999999999973382,687.8711111111112,-300.0
0.713,0.9999999999973916,688.8867361111113,-300.00000000000006
0.714,0.9999999999974448,689.9024999999999,-299.99999999999994
0.715,0.999999999997498,690.9184027777777,-300.0
0.716,0.9999999999975514,691.9344444444444,-300.0
0.717,0.9999999999976049,692.9506250000001,-300.0
0.718,0.9999999999976584,693.9669444444444,-300.00000000000006
0.719,0.9999999999977116,694.9834027777778,-299.99999999999994
0.72,0.9999999999977648,696.0000000000001,-300.0
0.721,0.9999999999978182,697.0167361111112,-299.99999999999994
0.722,0.9999999999978718,698.0336111111112,-300.0
0.723,0.9999999999979252,699.0506249999999,-300.00000000000006
0.724,0.9999999999979787,700.0677777777776,-300.0
0.725,0.9999999999980319,701.0850694444446,-300.0
0.726,0.9999999999980855,702.1025000000001,-300.00000000000006
0.727,0.9999999999981387,703.1200694444444,-300.0
0.728,0.9999999999981922,704.1377777777777,-300.0
0.729,0.9999999999982457,705.155625,-300.0
0.73,0.9999999999982991,706.1736111111112,-299.99999999999994
0.731,0.9999999999983527,707.1917361111113,-299.99999999999994
0.732,0.9999999999984059,708.21,-300.0
0.733,0.9999999999984598,709.2284027777778,-300.0
0.734,0.9999999999985132,710.2469444444444,-299.99999999999994
0.735,0.9999999999985668,711.265625,-300.0
0.736,0.99999999999862,712.2844444444444,-300.0
0.737,0.9999999999986735,713.3034027777778,-300.0
0.738,0.9999999999987271,714.3225,-300.00000000000006
0.739,0.9999999999987805,715.3417361111112,-300.0
0.74,0.9999999999988342,716.3611111111113,-300.0
0.741,0.9999999999988876,717.380625,-300.0
0.742,0.9999999999989413,718.4002777777777,-300.00000000000006
0.743,0.9999999999989947,719.4200694444444,-300.0
0.744,0.9999999999990483,720.44,-299.99999999999994
0.745,0.9999999999991017,721.4600694444446,-300.0
0.746,0.9999999999991555,722.4802777777777,-300.0
0.747,0.9999999999992092,723.500625,-299.9999999999999
0.748,0.9999999999992626,724.521111111111,-300.00000000000006
0.749,0.9999999999993162,725.541736111111,-300.0
0.75,0.9999999999993698,726.5625000000001,-300.00000000000006
0.751,0.9999999999994234,727.5834027777777,-300.0
0.752,0.999999999999477,728.6044444444444,-299.99999999999994
0.753,0.9999999999995307,729.6256249999999,-300.0
0.754,0.9999999999995842,730.6469444444444,-299.99999999999994
0.755,0.999999999999638,731.6684027777776,-300.0
0.756,0.9999999999996915,732.6899999999999,-300.0
0.757,0.9999999999997452,733.7117361111111,-300.0
0.758,0.9999999999997988,734.7336111111111,-300.0
0.759,0.9999999999998527,735.7556250000001,-300.0
0.76,0.9999999999999062,736.7777777777777,-299.99999999999994
0.761,0.9999999999999599,737.8000694444445,-300.0
0.762,1.0000000000000138,738.8225,-300.00000000000006
0.763,1.0000000000000673,739.8450694444444,-300.0
0.764,1.0000000000001208,740.8677777777777,-299.99999999999994
0.765,1.0000000000001747,741.8906249999999,-300.0
0.766,1.0000000000002283,742.913611111111,-300.00000000000006
0.767,1.0000000000002822,743.936736111111,-300.0
0.768,1.000000000000336,744.9599999999999,-300.00000000000006
0.769,1.0000000000003897,745.9834027777778,-300.0
0.77,1.0000000000004434,747.0069444444446,-300.0
0.771,1.0000000000004972,748.0306249999999,-300.0
0.772,1.0000000000005507,749.0544444444445,-299.99999999999994
0.773,1.0000000000006046,750.0784027777777,-299.99999999999994
0.774,1.0000000000006584,751.1025,-299.99999999999994
0.775,1.0000000000007123,752.1267361111111,-300.0
0.776,1.000000000000766,753.1511111111109,-299.99999999999994
0.777,1.0000000000008198,754.175625,-300.00000000000006
0.778,1.0000000000008735,755.2002777777777,-300.0
0.779,1.0000000000009275,756.2250694444446,-299.99999999999994
0.78,1.0000000000009814,757.25,-300.0
0.781,1.000000000001035,758.2750694444444,-300.00000000000006
0.782,1.000000000001089,759.3002777777779,-300.0
0.783,1.0000000000011429,760.3256250000002,-300.0
0.784,1.0000000000011966,761.3511111111112,-300.00000000000006
0.785,1.0000000000012503,762.3767361111112,-300.0
0.786,1.0000000000013043,763.4025,-300.00000000000006
0.787,1.0000000000013582,764.4284027777778,-299.99999999999994
0.788,1.000000000001412,765.4544444444444,-300.0
0.789,1.0000000000014657,766.4806249999999,-300.0
0.79,1.0000000000015197,767.5069444444446,-299.99999999999994
0.791,1.0000000000015736,768.5334027777778,-300.0
0.792,1.0000000000016276,769.5600000000002,-300.0
0.793,1.0000000000016815,770.5867361111109,-300.00000000000006
0.794,1.0000000000017355,771.6136111111113,-300.0
0.795,1.0000000000017895,772.6406250000002,-299.99999999999994
0.796,1.0000000000018434,773.6677777777777,-300.00000000000006
0.797,1.0000000000018971,774.6950694444444,-299.99999999999994
0.798,1.0000000000019513,775.7225,-300.0
0.799,1.0000000000020053,776.7500694444443,-300.0
0.8,1.0000000000020592,777.7777777777777,-300.00000000000006
0.801,1.000000000002113,778.805625,-300.00000000000006
0.802,1.0000000000021672,779.8336111111112,-300.0
0.803,1.0000000000022211,780.8617361111112,-300.0
0.804,1.000000000002275,781.89,-299.9999999999999
0.805,1.000000000002329,782.9184027777778,-300.0
0.806,1.0000000000023832,783.9469444444444,-299.99999999999994
0.807,1.0000000000024372,784.9756249999998,-299.99999999999994
0.808,1.0000000000024911,786.0044444444443,-300.00000000000006
0.809,1.000000000002545,787.0334027777778,-300.0
0.81,1.0000000000025993,788.0625,-300.00000000000006
0.811,1.0000000000026532,789.0917361111113,-300.0
0.812,1.0000000000027072,790.1211111111111,-299.99999999999994
0.813,1.0000000000027613,791.150625,-300.0
0.814,1.0000000000028155,792.1802777777775,-300.00000000000006
0.815,1.0000000000028693,793.2100694444443,-299.99999999999994
0.816,1.0000000000029237,794.2399999999998,-300.0
0.817,1.0000000000029776,795.2700694444443,-299.9999999999999
0.818,1.0000000000030318,796.3002777777776,-300.0
0.819,1.000000000003086,797.3306249999998,-300.0
0.82,1.00000000000314,798.3611111111111,-300.0
0.821,1.0000000000031941,799.391736111111,-300.0
0.822,1.0000000000032483,800.4225,-300.0
0.823,1.0000000000033025,801.4534027777777,-299.99999999999994
0.824,1.0000000000033564,802.4844444444443,-300.00000000000006
0.825,1.0000000000034106,803.5156249999999,-300.00000000000006
0.826,1.0000000000034648,804.5469444444442,-300.0
0.827,1.000000000003519,805.5784027777775,-299.99999999999994
0.828,1.0000000000035731,806.6099999999999,-299.99999999999994
0.829,1.0000000000036273,807.641736111111,-300.0
0.83,1.0000000000036813,808.6736111111113,-299.99999999999994
0.831,1.000000000003736,809.7056249999998,-300.00000000000006
0.832,1.0000000000037899,810.7377777777778,-300.0
0.833,1.0000000000038443,811.7700694444444,-299.99999999999994
0.834,1.0000000000038982,812.8025000000002,-300.00000000000006
0.835,1.0000000000039526,813.8350694444443,-300.0
0.836,1.0000000000040066,814.8677777777777,-300.00000000000006
0.837,1.000000000004061,815.900625,-300.00000000000006
0.838,1.0000000000041152,816.933611111111,-300.00000000000006
0.839,1.0000000000041693,817.9667361111113,-300.0
0.84,1.0000000000042237,819.0,-300.0
0.841,1.000000000004278,820.0334027777778,-300.0
0.842,1.000000000004332,821.0669444444443,-299.99999999999994
0.843,1.0000000000043867,822.100625,-300.0
0.844,1.000000000004441,823.1344444444445,-300.00000000000006
0.845,1.000000000004495,824.1684027777779,-300.0
0.846,1.0000000000045495,825.2025,-300.0
0.847,1.0000000000046037,826.2367361111112,-300.00000000000006
0.848,1.000000000004658,827.2711111111109,-300.0
0.849,1.0000000000047122,828.305625,-300.0
0.85,1.0000000000047666,829.3402777777778,-300.0
0.851,1.000000000004821,830.3750694444443,-300.0
0.852,1.0000000000048754,831.41,-300.0
0.853,1.0000000000049298,832.4450694444445,-300.00000000000006
0.854,1.000000000004984,833.4802777777775,-300.0
0.855,1.0000000000050384,834.515625,-300.0
0.856,1.0000000000050928,835.5511111111111,-299.99999999999994
0.857,1.0000000000051474,836.5867361111109,-300.00000000000006
0.858,1.0000000000052016,837.6225,-300.00000000000006
0.859,1.000000000005256,838.6584027777777,-300.0
0.86,1.0000000000053102,839.6944444444445,-299.99999999999994
0.861,1.0000000000053648,840.7306250000001,-300.00000000000006
0.862,1.0000000000054192,841.7669444444446,-299.99999999999994
0.863,1.0000000000054736,842.8034027777778,-300.0
0.864,1.000000000005528,843.8400000000001,-300.0
0.865,1.0000000000055826,844.8767361111111,-300.00000000000006
0.866,1.0000000000056368,845.9136111111113,-300.0
0.867,1.0000000000056914,846.950625,-299.99999999999994
0.868,1.0000000000057458,847.987777777778,-299.99999999999994
0.869,1.0000000000058002,849.0250694444446,-300.0
0.87,1.0000000000058547,850.0625,-300.00000000000006
0.871,1.0000000000059093,851.1000694444447,-299.99999999999994
0.872,1.0000000000059637,852.137777777778,-300.0
0.873,1.0000000000060183,853.1756249999999,-300.00000000000006
0.874,1.000000000006073,854.2136111111113,-300.0
0.875,1.0000000000061273,855.2517361111109,-299.9999999999999
0.876,1.0000000000061817,856.2899999999998,-300.0
0.877,1.0000000000062361,857.3284027777777,-299.99999999999994
0.878,1.0000000000062907,858.3669444444444,-300.00000000000006
0.879,1.0000000000063451,859.4056250000001,-300.00000000000006
0.88,1.0000000000064,860.4444444444447,-300.0
0.881,1.0000000000064546,861.4834027777778,-300.0
0.882,1.000000000006509,862.5225,-300.00000000000006
0.883,1.0000000000065636,863.561736111111,-300.0
0.884,1.0000000000066183,864.6011111111113,-300.00000000000006
0.885,1.0000000000066729,865.6406250000002,-299.99999999999994
0.886,1.0000000000067275,866.6802777777777,-299.99999999999994
0.887,1.000000000006782,867.7200694444443,-300.0
0.888,1.0000000000068365,868.7600000000001,-300.00000000000006
0.889,1.0000000000068912,869.8000694444445,-300.0
0.89,1.0000000000069458,870.840277777778,-300.0
0.891,1.0000000000070006,871.880625,-300.00000000000006
0.892,1.000000000007055,872.9211111111113,-300.0
0.893,1.0000000000071099,873.9617361111111,-300.0
0.894,1.0000000000071643,875.0024999999998,-299.99999999999994
0.895,1.0000000000072191,876.0434027777778,-300.0
0.896,1.000000000007274,877.0844444444446,-300.0
0.897,1.0000000000073284,878.1256249999999,-300.00000000000006
0.898,1.000000000007383,879.1669444444445,-299.99999999999994
0.899,1.0000000000074378,880.2084027777778,-300.00000000000006
0.9,1.0000000000074925,881.25,-299.99999999999994
0.901,1.000000000007547,882.2917361111112,-299.99999999999994
0.902,1.000000000007602,883.3336111111113,-300.0
0.903,1.0000000000076568,884.3756250000001,-299.99999999999994
0.904,1.0000000000077112,885.417777777778,-300.00000000000006
0.905,1.000000000007766,886.4600694444447,-300.0
0.906,1.0000000000078206,887.5025,-300.0
0.907,1.0000000000078755,888.5450694444445,-300.0
0.908,1.0000000000079303,889.587777777778,-299.99999999999994
0.909,1.000000000007985,890.6306249999998,-300.0
0.91,1.0000000000080398,891.6736111111112,-300.0
0.911,1.0000000000080944,892.7167361111112,-300.0
0.912,1.0000000000081495,893.7599999999999,-299.99999999999994
0.913,1.000000000008204,894.8034027777776,-300.0
0.914,1.000000000008259,895.8469444444447,-300.0
0.915,1.0000000000083138,896.890625,-299.99999999999994
0.916,1.0000000000083686,897.9344444444447,-300.0
0.917,1.0000000000084235,898.9784027777778,-300.0
0.918,1.000000000008478,900.0224999999996,-300.0
0.919,1.0000000000085332,901.0667361111111,-300.0
0.92,1.0000000000085878,902.1111111111113,-300.0
0.921,1.0000000000086424,903.1556250000001,-300.0
0.922,1.0000000000086977,904.200277777778,-300.00000000000006
0.923,1.0000000000087528,905.2450694444444,-300.0
0.924,1.0000000000088072,906.29,-300.00000000000006
0.925,1.0000000000088625,907.3350694444446,-300.0
0.926,1.000000000008917,908.3802777777778,-300.00000000000006
0.927,1.000000000008972,909.4256249999999,-299.99999999999994
0.928,1.0000000000090268,910.4711111111113,-300.0
0.929,1.0000000000090818,911.516736111111,-300.0
0.93,1.0000000000091365,912.5624999999998,-300.0
0.931,1.0000000000091915,913.6084027777778,-300.00000000000006
0.932,1.0000000000092464,914.6544444444444,-300.0
0.933,1.0000000000093014,915.7006250000002,-300.00000000000006
0.934,1.0000000000093565,916.7469444444446,-300.0
0.935,1.0000000000094114,917.7934027777778,-299.99999999999994
0.936,1.0000000000094662,918.8400000000001,-300.0
0.937,1.000000000009521,919.8867361111111,-300.0
0.938,1.0000000000095761,920.9336111111113,-300.0
0.939,1.0000000000096314,921.9806249999999,-300.0
0.94,1.0000000000096863,923.0277777777778,-300.0
0.941,1.0000000000097413,924.0750694444444,-300.0
0.942,1.0000000000097962,925.1224999999998,-300.0
0.943,1.0000000000098512,926.1700694444444,-300.00000000000006
0.944,1.000000000009906,927.2177777777777,-300.0
0.945,1.0000000000099611,928.2656249999998,-300.0
0.946,1.0000000000100164,929.313611111111,-300.0
0.947,1.0000000000100713,930.361736111111,-299.99999999999994
0.948,1.0000000000101263,931.4100000000003,-300.0
0.949,1.0000000000101812,932.4584027777777,-300.0
0.95,1.0000000000102365,933.5069444444443,-300.0
0.951,1.0000000000102915,934.555625,-300.0
0.952,1.0000000000103466,935.6044444444445,-300.0
0.953,1.0000000000104017,936.6534027777777,-300.0
0.954,1.0000000000104567,937.7025,-300.00000000000006
0.955,1.000000000010512,938.7517361111111,-300.00000000000006
0.956,1.0000000000105669,939.8011111111111,-300.0
0.957,1.0000000000106222,940.850625,-300.0
0.958,1.0000000000106772,941.900277777778,-300.0
0.959,1.0000000000107323,942.9500694444445,-299.99999999999994
0.96,1.0000000000107874,944.0,-299.99999999999994
0.961,1.0000000000108429,945.0500694444443,-300.00000000000006
0.962,1.0000000000108977,946.1002777777776,-300.00000000000006
0.963,1.000000000010953,947.150625,-300.0
0.964,1.000000000011008,948.201111111111,-299.9999999999999
0.965,1.0000000000110632,949.2517361111111,-300.00000000000006
0.966,1.0000000000111184,950.3025,-300.0
0.967,1.0000000000111733,951.3534027777775,-299.99999999999994
0.968,1.0000000000112288,952.4044444444443,-300.0
0.969,1.000000000011284,953.455625,-300.0
0.97,1.000000000011339,954.5069444444442,-299.99999999999994
0.971,1.0000000000113944,955.5584027777778,-300.0
0.972,1.0000000000114497,956.61,-299.99999999999994
0.973,1.0000000000115046,957.6617361111109,-300.0
0.974,1.00000000001156,958.713611111111,-299.99999999999994
0.975,1.0000000000116152,959.765625,-300.0
0.976,1.0000000000116704,960.8177777777778,-300.0
0.977,1.0000000000117257,961.8700694444447,-300.0
0.978,1.0000000000117812,962.9225000000002,-300.0
0.979,1.0000000000118363,963.9750694444442,-300.0
0.98,1.0000000000118918,965.0277777777779,-300.0
0.981,1.0000000000119469,966.0806249999997,-300.0
0.982,1.0000000000120022,967.1336111111109,-300.0
0.983,1.0000000000120575,968.186736111111,-300.0
0.984,1.0000000000121128,969.24,-300.0
0.985,1.000000000012168,970.2934027777778,-300.0
0.986,1.0000000000122236,971.3469444444443,-300.0
0.987,1.0000000000122788,972.4006250000002,-300.0
0.988,1.0000000000123341,973.4544444444448,-299.99999999999994
0.989,1.0000000000123894,974.508402777778,-300.0
0.99,1.0000000000124447,975.5624999999998,-299.99999999999994
0.991,1.0000000000125,976.6167361111111,-299.99999999999994
0.992,1.0000000000125555,977.671111111111,-300.00000000000006
0.993,1.000000000012611,978.7256249999998,-300.00000000000006
0.994,1.0000000000126663,979.7802777777774,-300.0
0.995,1.0000000000127218,980.8350694444445,-299.99999999999994
0.996,1.0000000000127771,981.8900000000001,-300.0
0.997,1.0000000000128326,982.9450694444447,-300.0
0.998,1.000000000012888,984.0002777777779,-300.00000000000006
0.999,1.0000000000129434,985.0556250000002,-299.99999999999994
