     69715, -0.0359897
  -34857.5,     -60375
  -34857.5,      60375
   6195.54,   -4093.23
  -6646.09,   -3287.12
   442.846,    7415.44
   6195.54,   -4093.23
  -6646.09,   -3287.12
   442.849,    7415.44
   6195.07,   -4093.23
  -6645.84,   -3286.68
   443.089,    7415.05
   6189.18,   -4095.59
  -6645.55,   -3279.77
   448.985,       7413
   6188.72,    -4095.6
   -6645.3,   -3279.34
   449.225,    7412.61
   6188.53,   -4095.75
  -6645.37,    -3279.1
   449.461,    7412.58
   6180.83,   -4098.84
  -6644.98,   -3270.07
   457.166,     7409.9
   6172.22,   -4102.28
  -6644.55,   -3259.99
   465.775,     7406.9
   6163.59,   -4105.05
  -6644.12,   -3248.91
   474.741,    7404.47
   6156.31,   -4107.38
  -6643.77,   -3239.57
   482.299,    7402.42
   6148.87,   -4109.76
   -6643.4,   -3230.03
   490.018,    7400.32
   6139.54,   -4112.74
  -6642.94,   -3218.05
   499.708,    7397.69
   6127.43,   -4117.59
  -6642.33,   -3203.87
   511.815,    7393.48
   6127.41,    -4117.6
   6125.13,   -4117.18
   201.815,   -137.076
   201.406,   -136.735
   201.406,   -136.735
   6123.84,   -4116.69
   203.009,    -137.14
   202.622,   -136.819
   6122.58,    -4116.2
    201.14,   -137.002
   200.629,   -136.574
   200.629,   -136.574
   6121.54,    -4115.8
   6120.63,   -4115.45
   202.349,   -137.064
   201.769,   -136.581
   6120.01,   -4115.21
   199.119,   -136.825
   198.555,   -136.349
   198.555,   -136.349
   198.555,   -136.349
   6119.06,   -4114.85
   202.913,   -137.083
   202.549,    -136.78
   6118.16,    -4114.5
   201.706,   -136.994
   201.318,   -136.671
   201.318,   -136.671
   6117.41,   -4114.21
    202.46,   -136.967
   202.168,   -136.724
   6116.73,   -4113.95
   201.425,    -136.96
   200.997,   -136.603
   200.997,   -136.603
   6116.73,   -4113.95
   6115.98,   -4113.66
   201.678,    -136.97
   200.919,   -136.336
   6115.49,   -4113.48
   200.004,   -136.845
   199.559,   -136.472
   199.559,   -136.472
   199.559,   -136.472
   6115.04,    -4113.3
     201.2,   -136.926
   200.895,   -136.672
   200.895,   -136.672
   200.895,   -136.672
   6114.74,   -4113.19
   200.399,   -136.866
   200.003,   -136.534
   200.003,   -136.534
   200.003,   -136.534
   6114.54,   -4113.11
   200.042,   -136.838
   199.605,   -136.471
   199.605,   -136.471
   199.605,   -136.471
   6114.46,   -4113.08
   201.718,   -136.956
   201.355,   -136.652
   201.355,   -136.652
   6121.54,   -4115.81
   6121.51,   -4115.78
    6121.4,   -4115.71
    6121.4,   -4115.71
    6121.4,   -4115.71
   203.155,   -137.216
   202.662,   -136.807
   202.662,   -136.807
    6122.7,    -4119.6
  -6641.72,   -3197.41
   517.576,    7391.62
  -220.384,   -105.014
  -219.603,   -104.707
   6115.91,   -4122.49
  -6640.86,    -3188.2
   525.816,    7388.94
  -220.417,   -104.809
  -220.052,   -104.665
  -220.052,   -104.665
   6109.05,   -4125.43
     -6640,   -3178.95
   534.132,    7386.21
  -219.969,    -103.85
  -219.439,   -103.643
  -219.439,   -103.643
   6102.22,   -4128.38
  -6639.17,   -3169.81
   542.397,    7383.47
  -219.922,   -103.521
  -219.386,   -103.313
  -219.386,   -103.313
   6094.56,   -4131.04
  -6638.25,   -3158.67
   551.985,    7380.96
  -221.014,   -104.874
  -220.704,   -104.752
   6091.61,   -4131.23
  -6637.85,   -3152.87
   555.143,    7381.23
  -219.092,   -102.166
  -218.506,   -101.941
   6087.43,    -4131.5
  -6637.31,   -3144.68
   559.611,    7381.61
   6087.13,   -4131.51
  -6637.15,   -3144.39
   559.764,    7381.38
   6087.01,   -4131.61
   -6637.2,   -3144.23
   559.904,    7381.37
   6082.43,   -4132.92
  -6637.21,    -3138.2
   564.182,    7380.66
   6079.45,   -4133.29
  -6636.45,   -3135.06
   566.543,     7379.2
       201,   -137.651
   200.431,   -137.173
   6076.36,   -4133.89
  -6635.65,   -3132.04
   568.935,    7377.53
   199.253,   -137.549
   198.684,   -137.067
   198.684,   -137.067
   6074.14,   -4134.31
  -6635.02,   -3129.77
   570.749,    7376.28
   20.0993,    243.446
   19.9864,    242.762
   6073.37,    -4134.2
   -6633.9,   -3127.02
   572.671,     7375.8
   200.337,   -137.717
   199.965,   -137.403
   199.965,   -137.403
   199.965,   -137.403
   6072.57,    -4133.9
  -6632.53,   -3123.51
   575.018,    7375.43
   6072.57,    -4133.9
   197.746,   -137.437
   197.343,   -137.093
   197.343,   -137.093
   197.343,   -137.093
   197.343,   -137.093
   6072.21,   -4133.84
   196.947,   -137.367
   196.476,   -136.965
   196.476,   -136.965
   196.476,   -136.965
   196.476,   -136.965
   6072.06,   -4133.81
   197.467,   -137.411
   197.041,   -137.048
   197.041,   -137.048
   197.041,   -137.048
   197.041,   -137.048
   6072.38,   -4133.67
  -6631.56,   -3121.31
    576.58,    7375.21
   201.677,   -137.726
   201.424,   -137.514
   6072.19,   -4133.52
  -6630.54,   -3119.21
   578.176,    7374.87
    6072.2,   -4133.36
  -6629.55,   -3117.29
   579.685,    7374.58
   20.6222,    243.206
   20.5135,    242.556
   20.5135,    242.556
   579.702,    7374.57
   580.022,    7373.68
   21.3038,    241.813
   21.1913,    241.153
   21.1913,    241.153
   21.1913,    241.153
     580.3,    7372.91
   20.4642,    243.684
   20.3298,    242.876
   20.3298,    242.876
   580.583,    7372.13
    22.305,    240.192
   22.1541,    239.331
   22.1541,    239.331
   22.1541,    239.331
   22.1541,    239.331
   22.1541,    239.331
   580.779,    7371.59
   20.6836,    243.055
   20.5726,    242.392
   20.5726,    242.392
   580.907,    7371.24
   21.0163,    242.377
   20.9228,    241.825
   20.9228,    241.825
   20.9228,    241.825
   580.946,    7371.13
   19.9608,    244.497
   19.8629,      243.9
   581.002,    7370.97
   20.7126,    242.991
   20.5996,    242.317
   20.5996,    242.317
   581.011,    7370.95
   20.3341,    243.502
   20.2316,    242.884
   6072.02,   -4132.93
  -6628.55,   -3114.71
   581.039,    7374.79
   6072.12,   -4132.61
  -6627.77,   -3112.93
   582.049,    7374.95
   199.397,   -137.527
    199.05,   -137.234
    199.05,   -137.234
    199.05,   -137.234
   6072.38,   -4131.85
  -6626.26,   -3109.18
   584.036,    7375.46
   6072.37,   -4131.84
  -6626.27,    -3109.1
    584.05,    7375.49
   21.0873,    242.585
   20.9498,    241.773
   20.9498,    241.773
    6072.2,   -4131.07
  -6625.27,   -3106.31
   584.665,    7376.45
   199.471,   -137.482
   198.963,   -137.053
   198.963,   -137.053
   6072.07,   -4129.88
  -6623.41,   -3101.88
   585.845,    7377.86
   198.979,   -137.406
   198.387,   -136.904
   198.387,   -136.904
   6072.06,   -4129.88
   6071.92,   -4129.82
   199.041,   -137.409
   198.654,   -137.081
   198.654,   -137.081
   198.654,   -137.081
   6071.89,   -4129.81
   200.989,   -137.552
   200.503,   -137.144
   6072.22,   -4128.63
   -6621.4,   -3097.32
   587.158,    7379.33
   201.179,   -137.525
   200.755,    -137.17
   6072.39,    -4127.6
  -6619.71,   -3093.53
   588.258,    7380.55
   6072.41,   -4125.89
  -6617.23,   -3089.06
   589.316,    7381.62
   200.204,   -137.365
   199.439,   -136.722
    6072.5,   -4123.82
  -6614.48,   -3083.64
   590.449,    7383.07
    200.78,   -137.392
   200.347,   -137.027
   200.347,   -137.027
   6072.67,   -4122.33
  -6612.27,   -3079.75
   591.417,       7384
   6072.66,   -4122.33
   6072.42,   -4122.23
   198.309,   -136.849
   197.765,   -136.388
   6072.31,   -4122.19
   200.529,   -137.266
   200.203,   -136.992
   200.203,   -136.992
   6073.01,   -4120.16
   -6609.3,   -3074.08
   592.685,    7385.52
   200.334,   -137.085
   199.911,    -136.73
   6073.01,   -4120.17
   6072.94,   -4120.13
    6072.8,   -4120.05
   199.249,   -136.952
   198.929,   -136.682
   198.929,   -136.682
   6072.71,      -4120
   201.027,   -137.161
   200.746,   -136.926
   6072.27,   -4119.74
   200.411,   -137.083
   200.009,   -136.745
   6071.75,   -4119.45
   198.713,   -136.871
   198.344,   -136.558
   198.344,   -136.558
   6071.67,   -4119.39
   6071.58,   -4119.34
   198.217,   -136.745
   197.664,   -136.276
   6071.51,    -4119.3
   200.178,    -137.22
   199.593,   -136.728
   199.593,   -136.728
    6071.4,   -4119.24
   199.973,   -137.018
   199.489,    -136.61
   6073.76,   -4118.39
   -6606.7,   -3069.44
    593.88,    7386.79
   6074.38,   -4116.91
  -6604.54,   -3065.58
   594.874,    7387.85
   200.863,   -137.163
   200.434,   -136.804
   200.434,   -136.804
   6075.64,   -4114.41
  -6600.54,   -3059.15
   596.795,    7389.41
   199.968,   -136.961
   199.747,   -136.775
   199.747,   -136.775
   199.747,   -136.775
   199.747,   -136.775
    19.884,    246.294
   19.8839,    246.294
   6077.24,   -4111.52
  -6595.87,   -3051.73
   599.064,    7391.23
   202.172,   -137.011
   202.036,   -136.897
   6077.79,   -4110.46
  -6594.29,   -3048.96
   599.812,    7391.99
    599.83,    7391.98
   599.834,     7391.5
   21.6143,    243.101
   21.4746,    242.285
   21.4746,    242.285
   599.846,    7390.09
   599.872,    7386.97
   21.6124,    242.955
   21.5426,    242.548
   21.5426,    242.548
   21.5426,    242.548
   21.5426,    242.548
    599.89,    7384.81
   599.891,    7384.81
   599.892,    7384.63
   20.6158,    244.892
   20.5639,    244.581
   20.5639,    244.581
   599.891,    7384.59
   20.4255,     245.27
   20.3537,    244.837
   599.894,     7384.8
   599.956,    7384.42
   599.978,    7384.28
   21.1468,     243.82
   21.0493,    243.243
   21.0493,    243.243
   599.983,    7384.25
   21.3606,      243.6
   21.2488,    242.942
   21.2488,    242.942
   21.2488,    242.942
   599.894,    7384.23
   599.906,    7382.81
   599.917,    7381.29
   21.8148,    242.355
   21.6568,    241.438
   21.6568,    241.438
    599.92,    7381.28
   599.921,    7381.27
   599.934,    7381.19
   20.4057,    245.265
   20.3075,    244.672
   599.921,    7380.84
   20.3676,    245.162
   20.3279,    244.922
   599.924,     7380.5
   21.8123,    242.619
   21.7365,    242.179
   21.7365,    242.179
   21.7365,    242.179
   21.7365,    242.179
   21.7365,    242.179
   21.7365,    242.179
   599.924,     7380.5
   599.918,    7381.29
    599.92,    7381.08
   599.921,    7380.92
   20.8032,    244.523
    20.738,    244.134
    20.738,    244.134
    20.738,    244.134
   599.895,    7384.23
   599.905,    7384.17
   21.2124,    243.362
   21.0799,    242.581
  -6586.73,   -3044.51
  -218.444,   -99.6824
  -217.986,   -99.5107
  -217.986,   -99.5107
  -217.986,   -99.5107
  -6576.64,   -3038.55
  -218.737,   -100.512
  -218.541,   -100.438
  -218.541,   -100.438
  -218.541,   -100.438
  -6576.64,   -3038.55
  -6576.59,   -3038.49
  -218.599,   -100.358
  -218.131,   -100.182
  -6576.57,   -3038.47
  -218.206,   -99.9065
   -217.79,   -99.7498
  -6568.45,   -3033.72
  -6568.45,   -3033.72
  -6568.42,    -3033.7
  -6568.36,   -3033.64
  -218.117,   -99.8814
  -217.803,   -99.7633
  -217.803,   -99.7633
  -6562.33,   -3030.11
  -217.056,   -98.2776
  -216.361,   -98.0192
  -216.361,   -98.0192
  -216.361,   -98.0192
   -6550.9,   -3023.36
   -217.58,   -99.6079
  -217.284,   -99.4964
  -217.284,   -99.4964
  -6535.11,   -3014.05
  -216.726,   -99.0057
  -216.431,    -98.895
  -6535.11,   -3014.05
  -6534.91,   -3013.93
  -216.772,   -98.8773
   -216.37,   -98.7265
   -216.37,   -98.7265
  -6534.89,   -3013.92
  -217.685,    -100.29
  -217.632,    -100.27
  -6534.88,   -3013.92
   -217.71,   -100.331
  -217.684,   -100.321
  -6523.26,   -3007.05
  -217.117,   -99.7634
  -216.879,   -99.6735
  -6511.71,   -3000.24
   -216.29,   -98.9735
  -215.977,   -98.8558
  -6511.71,   -3000.24
  -6511.62,   -3000.12
  -214.433,   -96.0884
  -213.433,    -95.721
  -213.433,    -95.721
  -6503.09,   -2995.15
   -215.18,   -97.6769
  -214.523,   -97.4321
  -6497.27,   -2991.71
  -6497.27,   -2991.71
  -6496.73,   -2991.28
  -6495.39,   -2990.18
  -214.304,   -96.3681
  -213.742,   -96.1609
  -213.742,   -96.1609
  -213.742,   -96.1609
  -6493.53,   -2988.67
  -214.176,   -96.2195
  -213.596,   -96.0063
  -213.596,   -96.0063
  -213.596,   -96.0063
  -6491.87,   -2987.32
  -6491.12,   -2986.71
  -215.484,    -98.232
  -215.148,   -98.1062
  -215.148,   -98.1062
  -6489.96,   -2985.75
   -214.93,   -97.4241
  -214.396,   -97.2253
  -214.396,   -97.2253
  -6489.42,   -2985.31
   -213.78,   -95.7288
  -213.297,   -95.5515
  -213.297,   -95.5515
  -213.297,   -95.5515
  -213.297,   -95.5515
  -6489.08,   -2985.04
  -213.842,   -95.8264
  -213.216,   -95.5965
  -213.216,   -95.5965
  -213.216,   -95.5965
  -6488.95,   -2984.93
  -213.592,    -95.463
  -213.076,   -95.2741
  -213.076,   -95.2741
  -213.076,   -95.2741
  -213.076,   -95.2741
  -6489.69,   -2985.53
   -214.57,   -96.6977
   -214.03,   -96.4979
   -214.03,   -96.4979
   -214.03,   -96.4979
   -214.03,   -96.4979
  -6489.62,   -2985.48
   -214.88,   -97.3559
   -214.33,   -97.1516
   -214.33,   -97.1516
  -6491.55,   -2987.05
  -214.779,   -96.9819
  -214.118,   -96.7373
  -214.118,   -96.7373
  -214.118,   -96.7373
  -6491.07,   -2986.66
   -212.59,   -93.9588
  -211.631,   -93.6123
  -211.631,   -93.6123
  -211.631,   -93.6123
  -6490.88,   -2986.51
  -215.742,   -98.6285
  -215.275,   -98.4532
  -6490.73,   -2986.39
  -215.123,   -97.6961
  -214.653,   -97.5208
  -214.653,   -97.5208
  -6490.63,   -2986.31
  -215.426,   -98.0495
  -215.046,   -97.9074
  -215.046,   -97.9074
  -215.046,   -97.9074
  -6490.63,   -2986.31
  -6494.74,   -2990.22
  -6490.45,   -2987.68
  -215.589,   -98.5653
  -215.279,   -98.4488
  -6489.25,   -2986.97
  -6489.25,   -2986.96
  -6488.72,   -2986.36
  -214.209,   -96.4283
  -213.414,   -96.1349
  -213.414,   -96.1349
  -6488.53,   -2986.14
  -215.176,   -98.0355
   -214.72,   -97.8649
  -6488.29,   -2985.86
  -6488.15,    -2985.7
  -214.161,   -96.3652
  -213.624,   -96.1671
  -213.624,   -96.1671
  -213.624,   -96.1671
  -6488.11,   -2985.65
  -215.902,   -98.9846
  -215.631,   -98.8824
  -6488.08,   -2985.62
  -214.898,   -97.6588
  -214.333,   -97.4478
  -6488.87,   -2986.75
  -214.418,   -96.7449
  -213.701,   -96.4795
  -213.701,   -96.4795
  -6488.87,   -2986.75
  -6490.46,   -2987.64
  -6488.19,    -2986.5
  -6488.15,   -2986.46
  -6488.15,   -2986.46
  -212.942,   -94.2463
  -212.123,   -93.9499
  -212.123,   -93.9499
  -212.123,   -93.9499
  -212.123,   -93.9499
  -212.123,   -93.9499
  -6488.12,   -2986.43
  -6488.12,   -2986.43
  -6487.04,   -2985.88
  -6487.01,   -2985.85
  -6487.01,   -2985.85
  -214.212,   -96.2778
   -213.38,   -95.9713
   -213.38,   -95.9713
   -213.38,   -95.9713
  -6486.98,   -2985.83
  -6486.98,   -2985.83
  -6486.11,   -2985.39
  -6486.09,   -2985.36
  -6486.09,   -2985.36
  -213.758,   -95.5922
  -212.753,    -95.224
  -212.753,    -95.224
  -212.753,    -95.224
  -6486.07,   -2985.34
  -6486.07,   -2985.34
  -6485.19,   -2984.89
  -6485.17,   -2984.87
  -6485.17,   -2984.87
   -213.92,   -96.1267
  -213.346,   -95.9155
  -213.346,   -95.9155
  -213.346,   -95.9155
  -6485.15,   -2984.85
  -6485.15,   -2984.85
  -6484.08,   -2984.31
  -6484.06,   -2984.29
  -6484.06,   -2984.29
  -213.063,   -94.5741
  -212.118,   -94.2307
  -212.118,   -94.2307
  -212.118,   -94.2307
  -212.118,   -94.2307
  -6484.05,   -2984.28
  -6484.05,   -2984.28
  -6483.61,   -2984.05
  -6483.59,   -2984.04
  -6483.59,   -2984.04
  -214.564,   -96.9621
  -213.925,   -96.7249
  -213.925,   -96.7249
  -213.925,   -96.7249
  -6483.58,   -2984.02
  -6483.58,   -2984.02
  -6483.25,   -2983.86
  -6483.24,   -2983.85
  -6483.24,   -2983.85
  -215.019,   -97.8297
  -214.604,    -97.675
  -214.604,    -97.675
  -6483.23,   -2983.83
  -6483.23,   -2983.83
  -6482.98,   -2983.71
  -6482.97,    -2983.7
  -6482.97,    -2983.7
  -212.434,   -94.0241
  -211.504,   -93.6874
  -211.504,   -93.6874
  -211.504,   -93.6874
  -6482.96,   -2983.69
  -6482.96,   -2983.69
  -6482.69,   -2983.55
  -6482.68,   -2983.54
  -6482.68,   -2983.54
  -214.407,   -96.7415
  -213.714,   -96.4853
  -213.714,   -96.4853
  -213.714,   -96.4853
  -6482.67,   -2983.54
  -6482.67,   -2983.54
  -6482.47,   -2983.43
  -6482.46,   -2983.43
  -6482.46,   -2983.43
  -213.603,   -95.4741
  -212.839,   -95.1943
  -212.839,   -95.1943
  -212.839,   -95.1943
  -212.839,   -95.1943
  -6503.09,   -2995.15
  -6502.87,   -2994.97
  -6502.72,   -2994.85
  -216.353,   -99.2347
  -216.053,   -99.1217
   -6502.6,   -2994.75
  -6502.55,   -2994.71
  -215.742,   -98.1961
  -215.121,   -97.9639
  -215.121,   -97.9639
   -6502.8,   -2994.91
   -215.07,   -97.5331
  -214.721,   -97.4032
  -214.721,   -97.4032
  -6586.73,    -3044.5
  -6586.73,    -3044.5
   -6586.7,   -3044.47
  -219.195,   -100.953
  -218.928,   -100.852
   584.061,    7375.44
   584.821,    7373.34
    21.082,    242.575
   20.9471,    241.779
   20.9471,    241.779
   585.292,    7372.03
     20.65,    243.437
   20.5545,    242.866
   20.5545,    242.866
   585.603,    7371.17
   20.1361,    244.456
   20.0344,    243.839
   586.062,    7369.89
   21.2157,    241.834
   21.0324,    240.756
   586.473,    7368.75
   19.7998,    245.099
   19.7581,    244.843
   586.475,    7368.74
   586.498,     7368.6
    586.52,    7368.47
   20.8196,    243.057
   20.7127,    242.421
   20.7127,    242.421
   586.751,    7367.97
   20.0045,    244.568
   19.9573,    244.281
   586.859,    7367.67
   20.4722,    243.894
   20.3629,    243.237
   20.3629,    243.237
   586.864,    7367.67
   586.867,    7367.17
   20.4977,    243.685
   20.3418,    242.749
   586.873,    7366.37
   586.875,    7366.09
   586.878,    7365.83
   19.8978,    244.834
   19.8424,    244.495
    586.88,    7365.62
   20.8334,    242.628
   20.7649,    242.221
   20.7649,    242.221
   586.882,    7365.47
    20.949,    242.719
   20.8708,    242.255
   20.8708,    242.255
   20.8708,    242.255
   586.878,    7366.33
   19.8488,    244.995
   19.7806,    244.578
   586.834,    7367.74
   586.842,    7367.74
    587.03,    7367.22
     20.49,    243.857
   20.3792,    243.191
   20.3792,    243.191
   587.096,    7367.03
   20.9219,    242.841
   20.8076,    242.163
   20.8076,    242.163
   587.204,    7366.73
   21.1652,    242.593
   21.0675,    242.017
   21.0675,    242.017
   21.0675,    242.017
   21.0675,    242.017
   587.249,    7366.61
   20.0046,    244.742
   19.9025,    244.119
   587.262,    7366.57
   20.4711,    243.745
   20.3219,    242.847
   585.316,    7371.88
   20.6118,     243.51
   20.5197,    242.959
   20.5197,    242.959
    585.33,    7371.79
   20.7384,    243.253
   20.6353,    242.638
   20.6353,    242.638
   6072.01,   -4132.94
    6071.4,    -4132.7
   197.648,   -137.546
   197.022,   -137.012
   197.022,   -137.012
   197.022,   -137.012
   197.022,   -137.012
   6071.11,   -4132.58
    199.56,   -137.634
   199.063,   -137.214
   199.063,   -137.214
   199.063,   -137.214
   6071.04,   -4132.56
    199.86,   -137.563
   199.427,   -137.197
   199.427,   -137.197
   6072.19,   -4133.53
   200.837,   -137.664
   200.296,   -137.208
   6071.99,   -4133.45
   201.644,   -137.717
   201.385,     -137.5
   6071.75,   -4133.35
   199.641,   -137.662
   199.276,   -137.353
   199.276,   -137.353
   199.276,   -137.353
   199.276,   -137.353
   6071.67,   -4133.32
   199.711,   -137.576
   199.247,   -137.185
   199.247,   -137.185
   6073.62,   -4134.28
    570.69,    7375.99
   6073.59,    -4134.3
   570.697,    7375.97
   6070.95,   -4134.11
    570.39,    7374.45
   196.963,   -137.381
   196.497,   -136.982
   196.497,   -136.982
   196.497,   -136.982
   196.497,   -136.982
   6068.76,   -4133.77
   569.844,    7374.12
   569.919,    7373.91
   20.8727,    242.027
   20.7671,    241.401
   20.7671,    241.401
   20.7671,    241.401
   569.946,    7373.84
   20.1035,    243.579
   20.0126,    243.028
   20.0126,    243.028
   569.946,    7373.84
   6067.15,   -4133.48
   569.384,    7374.05
   200.623,   -137.712
   200.196,   -137.352
   200.196,   -137.352
   6065.52,   -4133.18
   568.917,    7373.99
   198.803,   -137.517
   197.634,   -136.526
   6064.36,   -4132.96
   198.687,   -137.502
   198.288,   -137.164
   198.288,   -137.164
   198.288,   -137.164
   6063.52,    -4132.8
   197.569,   -137.408
   197.046,   -136.962
   197.046,   -136.962
   197.046,   -136.962
   6062.87,   -4132.68
   196.931,   -137.351
   196.337,   -136.844
   196.337,   -136.844
   196.337,   -136.844
    6062.4,   -4132.59
   200.235,   -137.612
   199.597,   -137.074
   6062.09,   -4132.53
   200.596,   -137.636
   200.087,   -137.208
   6061.97,   -4132.51
   199.918,   -137.587
   199.547,   -137.273
   199.547,   -137.273
   6061.84,   -4132.48
     199.5,   -137.639
   199.161,   -137.352
   199.161,   -137.352
   199.161,   -137.352
   199.161,   -137.352
   6061.84,   -4132.48
   6062.64,   -4132.63
   198.424,   -137.474
   198.108,   -137.205
   198.108,   -137.205
   198.108,   -137.205
   198.108,   -137.205
   6062.54,   -4132.61
   199.459,   -137.555
   199.006,   -137.171
   199.006,   -137.171
   6064.84,   -4133.06
   197.887,    -137.44
   197.149,   -136.811
   197.149,   -136.811
   6064.41,   -4132.97
   198.883,   -137.737
   198.294,   -137.236
   198.294,   -137.236
   198.294,   -137.236
   198.294,   -137.236
   6064.17,   -4132.93
   198.208,   -137.463
   197.755,   -137.078
   197.755,   -137.078
   197.755,   -137.078
   6064.08,   -4132.91
    199.09,   -137.532
    198.74,   -137.235
    198.74,   -137.235
    198.74,   -137.235
   6065.37,   -4133.16
   196.746,   -137.345
   196.121,    -136.81
   196.121,    -136.81
   196.121,    -136.81
   570.787,    7373.35
   19.4321,     244.95
   19.3663,    244.543
   571.115,    7372.45
   22.1507,    239.413
   22.0404,    238.783
   22.0404,    238.783
   22.0404,    238.783
   22.0404,    238.783
   22.0404,    238.783
   571.287,    7371.97
   20.7065,    242.391
   20.6133,    241.836
   20.6133,    241.836
   20.6133,    241.836
   571.442,    7371.55
   20.4274,    242.951
   20.3127,    242.262
   20.3127,    242.262
   571.581,    7371.16
    20.171,    243.635
   20.0824,    243.099
   20.0824,    243.099
   20.0824,    243.099
   571.669,    7370.91
   22.2153,    239.266
   22.0286,      238.2
   22.0286,      238.2
   22.0286,      238.2
   6078.47,   -4133.99
  -6636.82,   -3133.22
   567.434,    7379.84
   6073.89,   -4135.22
  -6636.37,   -3127.48
    571.19,     7378.9
   201.356,   -137.699
   201.134,   -137.513
   6069.72,   -4136.35
  -6635.94,   -3122.22
   574.638,    7378.03
   198.299,    -137.57
   197.604,   -136.979
   197.604,   -136.979
   6065.64,   -4137.47
  -6635.46,    -3116.9
   578.165,    7377.17
   198.753,   -137.653
    198.16,   -137.149
    198.16,   -137.149
      6063,   -4137.99
  -6635.16,    -3113.1
   580.558,    7376.79
   6061.74,      -4138
  -6635.23,   -3113.49
   580.738,    7375.32
   6061.71,   -4137.99
  -6635.23,   -3113.49
   580.747,    7375.29
    6061.7,   -4138.01
  -6635.23,   -3113.49
   580.761,    7375.28
   6061.03,   -4138.03
  -6635.29,   -3113.69
   580.826,    7374.52
    6059.8,   -4137.92
  -6635.53,   -3113.86
   580.696,    7373.87
   6058.44,    -4137.8
  -6635.79,   -3114.05
   580.553,    7373.15
   6057.08,   -4137.68
  -6636.06,   -3114.23
    580.41,    7372.43
   20.1183,    243.992
    20.037,    243.499
   580.418,    7372.42
   580.477,    7372.07
   580.574,    7371.48
   21.0872,     242.49
   20.9809,    241.863
   20.9809,    241.863
   20.9809,    241.863
   20.9809,    241.863
   580.597,    7371.33
   20.1523,      244.1
   20.0863,      243.7
   20.0863,      243.7
    580.61,    7371.25
    20.054,    244.403
   20.0125,     244.15
   20.0125,     244.15
   20.0125,     244.15
   20.0125,     244.15
   580.614,    7371.23
    21.154,    242.358
   21.0436,    241.707
   21.0436,    241.707
   21.0436,    241.707
   21.0436,    241.707
    6055.5,   -4137.39
  -6636.48,   -3114.26
   579.999,    7372.32
   6053.92,   -4137.11
  -6636.91,   -3114.29
   579.586,    7372.22
   6053.45,   -4136.92
   200.177,   -137.772
   199.624,   -137.304
   6053.43,   -4136.93
   6051.99,   -4136.36
   199.006,   -137.758
   198.525,    -137.35
   198.525,    -137.35
   198.525,    -137.35
   6050.47,   -4135.76
   199.545,   -137.693
   199.176,   -137.381
   199.176,   -137.381
   6049.07,    -4135.2
   200.086,   -137.718
   199.818,   -137.492
   199.818,   -137.492
   6048.14,   -4134.83
   200.217,   -137.764
    199.85,   -137.454
    199.85,   -137.454
   6047.16,   -4134.44
   200.361,   -137.717
   199.944,   -137.365
   6046.38,   -4134.13
   199.545,   -137.649
     199.2,   -137.357
     199.2,   -137.357
   6045.51,   -4133.78
   199.389,   -137.628
   199.144,    -137.42
   199.144,    -137.42
   199.144,    -137.42
   6045.14,   -4133.64
   6044.41,   -4133.35
   200.789,   -137.717
   200.553,   -137.518
   6043.44,   -4132.96
   6043.09,   -4132.82
   200.392,   -137.674
   200.273,   -137.574
   200.273,   -137.574
   200.273,   -137.574
   6042.78,    -4132.7
   6042.55,   -4132.61
   199.883,   -137.632
   199.354,   -137.185
   6042.25,   -4132.49
     200.1,   -137.688
   199.755,   -137.397
   199.755,   -137.397
   6042.12,   -4132.44
   200.511,   -137.672
   200.205,   -137.414
    6042.1,   -4132.43
   200.506,   -137.672
   200.199,   -137.412
   6042.07,   -4132.41
   199.803,   -137.674
   199.521,   -137.436
   199.521,   -137.436
   199.521,   -137.436
   6043.23,   -4132.88
   6042.99,   -4132.78
    199.59,    -137.74
   199.258,   -137.459
   199.258,   -137.459
   199.258,   -137.459
   199.258,   -137.459
   6042.84,   -4132.73
   198.825,   -137.556
   198.376,   -137.175
   198.376,   -137.175
   6042.77,    -4132.7
   199.534,   -137.672
   199.201,   -137.389
   199.201,   -137.389
   199.201,   -137.389
   6053.88,   -4137.09
  -6636.87,   -3114.25
   579.599,    7372.18
   6053.88,   -4137.09
  -6636.87,   -3114.25
   579.599,    7372.18
   6053.87,   -4137.08
  -6636.86,   -3114.24
   579.599,    7372.17
   6053.86,   -4137.07
  -6636.85,   -3114.23
     579.6,    7372.15
   200.625,   -137.752
   200.391,   -137.554
   -220.55,   -102.882
  -220.272,   -102.775
   19.7956,    244.645
   19.7457,    244.339
   6053.84,   -4137.07
  -6636.83,   -3114.21
   579.609,    7372.15
    6053.8,   -4137.05
  -6636.79,   -3114.17
    579.62,    7372.13
   6053.77,   -4137.03
  -6636.76,   -3114.13
   579.629,     7372.1
   6053.72,      -4137
  -6636.71,   -3114.08
   579.643,    7372.06
   6053.68,   -4136.99
  -6636.68,   -3114.06
   579.653,    7372.03
   6053.65,   -4136.98
  -6636.66,   -3114.04
   579.661,       7372
   6053.62,   -4136.97
  -6636.64,   -3114.02
   579.669,    7371.97
   6053.62,   -4136.97
  -6636.64,   -3114.02
    579.67,    7371.97
   6053.58,   -4136.96
  -6636.61,   -3113.99
   579.678,    7371.93
   200.992,   -137.857
   200.574,   -137.506
  -220.811,   -103.143
  -220.316,   -102.952
   19.6983,     245.02
   19.6097,    244.476
   6053.62,   -4136.97
  -6636.64,   -3114.02
   579.669,    7371.97
   6053.72,      -4137
   -6636.7,   -3114.07
   6053.72,      -4137
  -6636.69,   -3114.06
   201.479,   -137.843
   201.439,   -137.809
  -220.637,   -103.006
  -220.398,   -102.914
   580.836,    7374.51
   580.893,    7374.16
   19.5991,    245.244
   19.5741,    245.089
   581.023,    7373.37
   20.6988,      243.1
   20.5871,    242.434
   20.5871,    242.434
   581.093,    7372.94
   20.1278,    244.038
   20.0479,    243.554
   581.179,    7372.42
    21.233,    241.511
   21.0299,    240.318
   581.262,    7371.91
   20.4524,    243.563
   20.3926,    243.203
   20.3926,    243.203
   20.3926,    243.203
   581.327,    7371.51
    20.379,    243.701
   20.2958,      243.2
   20.2958,      243.2
   581.374,    7371.22
   22.1332,    240.108
   21.8905,    238.716
   21.8905,    238.716
  -6635.16,   -3113.09
  -6634.92,    -3112.9
  -219.759,   -101.622
  -219.398,   -101.485
  -219.398,   -101.485
  -219.398,   -101.485
  -6634.58,   -3112.62
  -219.414,   -101.106
  -218.968,   -100.937
  -218.968,   -100.937
  -218.968,   -100.937
  -6634.36,   -3112.44
  -218.887,   -100.063
  -218.325,   -99.8515
  -218.325,   -99.8515
  -218.325,   -99.8515
  -218.325,   -99.8515
  -218.325,   -99.8515
   6057.46,   -4137.19
  -6631.42,   -3105.75
   583.938,    7374.37
  -218.626,   -99.8528
  -218.004,   -99.6197
  -218.004,   -99.6197
  -218.004,   -99.6197
   6057.31,   -4137.22
  -6631.35,   -3105.58
    584.03,    7374.28
   6057.26,   -4137.27
  -6631.38,   -3105.48
   584.097,     7374.3
   6052.59,   -4136.65
  -6628.35,   -3099.45
    586.92,    7372.22
  -219.292,   -101.041
  -218.606,   -100.781
   6052.59,   -4136.65
   6052.38,   -4136.57
   200.376,   -137.822
   200.014,   -137.517
   200.014,   -137.517
   6052.22,   -4136.51
   199.511,   -137.862
   199.109,   -137.521
   199.109,   -137.521
   199.109,   -137.521
   199.109,   -137.521
   6049.93,   -4136.32
   -6626.5,   -3095.84
   588.656,    7370.97
  -219.591,   -101.232
  -219.095,   -101.044
  -219.095,   -101.044
   6045.32,   -4135.77
  -6623.36,   -3089.68
   591.642,    7368.78
  -219.587,   -101.047
  -219.095,   -100.861
  -219.095,   -100.861
  -219.095,   -100.861
   6038.65,   -4135.36
   -6618.8,   -3081.31
   595.984,    7365.21
   6032.85,      -4135
  -6614.84,   -3074.04
   599.758,    7362.12
   6030.06,   -4134.32
   -6613.2,   -3069.64
   600.865,    7363.13
   197.636,   -137.656
   197.191,   -137.276
   197.191,   -137.276
   197.191,   -137.276
   197.191,   -137.276
   6027.92,   -4133.79
  -6611.84,    -3066.1
   601.784,    7363.95
   6026.23,   -4133.37
  -6610.77,   -3063.31
   602.507,    7364.59
  -6609.95,   -3062.33
  -6609.95,   -3062.27
  -219.414,   -100.696
  -218.717,   -100.433
  -6607.48,   -3059.34
  -6606.96,   -3058.73
   -218.69,   -99.4604
  -218.054,   -99.2229
  -218.054,   -99.2229
  -218.054,   -99.2229
  -6606.38,   -3058.04
  -217.507,   -97.8783
  -216.817,   -97.6238
  -216.817,   -97.6238
  -216.817,   -97.6238
  -6606.01,   -3057.59
  -216.432,   -96.3111
  -215.714,   -96.0494
  -215.714,   -96.0494
  -215.714,   -96.0494
  -215.714,   -96.0494
  -6605.72,   -3057.25
  -218.688,   -99.6444
  -218.113,   -99.4294
  -218.113,   -99.4294
  -6605.42,   -3056.89
  -217.197,   -97.4331
  -216.627,   -97.2236
  -216.627,   -97.2236
  -216.627,   -97.2236
  -216.627,   -97.2236
  -6605.34,    -3056.8
  -218.514,   -99.2003
  -217.827,   -98.9445
  -217.827,   -98.9445
  -217.827,   -98.9445
  -6606.63,   -3058.33
  -218.035,   -98.4158
  -217.359,   -98.1655
  -217.359,   -98.1655
  -217.359,   -98.1655
  -217.359,   -98.1655
  -6605.63,   -3057.14
  -218.962,   -99.9202
  -218.457,    -99.731
  -218.457,    -99.731
  -218.457,    -99.731
  -6604.59,    -3055.9
  -218.864,   -99.7766
  -218.333,   -99.5778
  -218.333,   -99.5778
  -218.333,   -99.5778
  -6603.62,   -3054.76
  -218.387,   -98.7962
  -217.612,   -98.5084
  -217.612,   -98.5084
  -217.612,   -98.5084
  -217.612,   -98.5084
  -6602.78,   -3053.76
  -218.622,   -99.2188
  -217.964,   -98.9738
  -217.964,   -98.9738
  -217.964,   -98.9738
  -217.964,   -98.9738
  -6602.19,   -3053.06
  -218.479,   -99.1897
  -217.821,   -98.9447
  -217.821,   -98.9447
  -217.821,   -98.9447
  -6601.68,   -3052.46
   -218.21,   -98.9711
  -217.503,   -98.7082
  -217.503,   -98.7082
  -6601.27,   -3051.96
  -217.659,   -98.1565
  -217.051,   -97.9318
  -217.051,   -97.9318
  -217.051,   -97.9318
  -6600.98,   -3051.63
  -216.702,   -96.7521
  -215.854,   -96.4421
  -215.854,   -96.4421
  -215.854,   -96.4421
  -6600.89,   -3051.52
  -217.536,   -97.9781
    -216.9,   -97.7433
    -216.9,   -97.7433
    -216.9,   -97.7433
   -6601.5,   -3052.24
  -217.845,   -98.4306
  -217.283,   -98.2222
  -217.283,   -98.2222
  -217.283,   -98.2222
  -6601.41,   -3052.14
   -217.61,   -98.0813
  -216.678,   -97.7366
  -216.678,   -97.7366
   6022.17,   -4132.56
  -6609.67,   -3059.85
    603.16,    7364.62
   6022.17,   -4132.56
   6022.08,   -4132.52
   199.273,   -137.681
   198.501,   -137.027
    6018.2,   -4131.76
  -6608.55,    -3056.4
   603.831,    7364.65
   6016.08,   -4131.28
  -6607.07,   -3053.21
    604.85,    7364.73
    6012.9,   -4130.42
  -6605.02,   -3048.29
   606.259,    7365.02
   6009.66,   -4129.55
  -6602.93,   -3043.26
   607.698,    7365.32
  -219.495,   -100.547
  -219.043,   -100.377
   6009.65,   -4129.56
    6008.7,   -4129.19
   6008.14,   -4128.81
   6008.11,   -4128.81
   6008.11,   -4128.81
   195.552,   -137.242
   195.011,   -136.777
   195.011,   -136.777
   195.011,   -136.777
   6008.09,    -4128.8
   6008.09,    -4128.8
   6007.69,   -4128.53
   6007.67,   -4128.53
   6007.67,   -4128.53
    196.61,   -137.325
   196.191,   -136.966
   196.191,   -136.966
   196.191,   -136.966
   6007.64,   -4128.52
   6007.64,   -4128.52
    6006.9,   -4128.02
   6006.88,   -4128.02
   6006.88,   -4128.02
   197.465,    -137.38
   196.989,   -136.974
   196.989,   -136.974
   6006.86,   -4128.01
   6006.86,   -4128.01
   6006.33,   -4127.66
   6006.31,   -4127.65
   6006.31,   -4127.65
   195.528,   -137.359
   195.034,   -136.934
   195.034,   -136.934
   195.034,   -136.934
   195.034,   -136.934
   195.034,   -136.934
    6006.3,   -4127.65
    6006.3,   -4127.65
   6005.77,   -4127.29
   6005.75,   -4127.29
   6005.75,   -4127.29
   194.686,   -137.299
   194.203,   -136.881
   194.203,   -136.881
   194.203,   -136.881
   194.203,   -136.881
   194.203,   -136.881
   194.203,   -136.881
   6005.75,   -4127.29
   6005.75,   -4127.29
   6005.48,    -4127.1
   6005.47,    -4127.1
   6005.47,    -4127.1
   196.986,    -137.42
   196.423,   -136.939
   196.423,   -136.939
   196.423,   -136.939
   6005.46,    -4127.1
   6005.46,    -4127.1
   6005.35,   -4127.03
   6005.35,   -4127.03
   6005.35,   -4127.03
     196.7,   -137.403
   196.088,   -136.879
   196.088,   -136.879
   196.088,   -136.879
   6007.16,   -4128.68
  -6598.87,    -3035.3
   610.681,    7365.89
  -219.469,   -100.449
  -219.101,   -100.311
   6006.02,   -4128.37
  -6596.88,   -3031.75
   612.145,    7366.01
   6005.98,   -4128.39
  -6596.84,   -3031.64
   612.187,    7365.98
   6005.97,    -4128.4
  -6596.86,   -3031.58
   612.212,    7366.01
   6005.72,    -4128.2
  -6596.62,   -3028.87
   613.368,    7367.01
  -218.451,   -98.6526
  -217.862,   -98.4341
  -217.862,   -98.4341
  -217.862,   -98.4341
   6005.75,   -4127.79
  -6596.43,   -3027.91
   613.439,    7367.46
  -217.798,   -97.5902
  -216.943,    -97.276
  -216.943,    -97.276
  -216.943,    -97.276
  -6596.43,    -3027.9
  -6596.35,   -3027.84
  -6596.27,   -3027.77
  -218.737,    -99.223
  -217.871,   -98.9007
  -6596.06,   -3027.68
  -218.093,   -98.5162
  -217.849,   -98.4258
  -217.849,   -98.4258
  -217.849,   -98.4258
  -6595.95,   -3027.62
  -218.411,   -98.5825
  -217.814,   -98.3614
  -217.814,   -98.3614
  -217.814,   -98.3614
   6005.69,   -4127.69
   -6596.4,   -3027.66
   613.432,    7367.58
  -217.497,   -97.1064
  -216.029,   -96.5693
  -216.029,   -96.5693
    6005.7,   -4127.69
   -6596.4,   -3027.65
   613.433,    7367.58
   -219.62,     -100.6
  -219.555,   -100.576
    6005.7,   -4127.69
   -6596.4,   -3027.65
   613.433,    7367.58
    6005.7,   -4127.69
   -6596.4,   -3027.65
   613.433,    7367.58
   6005.69,   -4127.69
   6005.59,   -4127.63
   6005.49,   -4127.57
   199.494,   -137.523
   199.259,   -137.324
   6005.41,   -4127.53
   199.421,   -137.516
   199.162,   -137.297
   6005.35,   -4127.49
   6005.27,   -4127.44
   199.088,    -137.49
   198.714,   -137.173
   6005.05,   -4128.11
   -6595.8,   -3027.16
   614.119,    7366.99
   6005.04,   -4128.12
  -6595.82,   -3027.11
   614.143,    7367.01
   6003.68,   -4128.03
  -6594.03,    -3023.7
   615.769,    7366.83
   195.265,   -137.361
   194.753,   -136.919
   194.753,   -136.919
   194.753,   -136.919
   194.753,   -136.919
   194.753,   -136.919
   6002.77,      -4128
  -6592.43,    -3020.8
   617.215,    7366.69
   6002.77,   -4128.01
   6002.25,   -4127.71
    196.97,   -137.197
   196.348,   -136.665
   6001.82,   -4127.45
   198.467,   -137.376
   198.148,   -137.106
   6001.03,      -4127
   196.797,   -137.307
   196.425,   -136.989
   196.425,   -136.989
   196.425,   -136.989
    6000.4,   -4126.62
   197.871,   -137.453
   197.306,   -136.972
   197.306,   -136.972
   6000.33,    -4126.6
   6000.19,   -4126.54
   6000.05,   -4126.49
   196.099,   -137.053
   195.317,   -136.383
   6002.07,   -4128.05
  -6590.15,   -3016.94
    619.27,    7366.52
  -6590.15,   -3016.94
  -6590.12,   -3016.91
  -6590.03,   -3016.84
  -218.759,   -99.1062
  -218.203,   -98.8994
  -218.203,   -98.8994
  -6590.03,   -3016.84
   6001.26,   -4128.15
  -6587.67,   -3012.68
   621.574,    7366.29
   6000.43,   -4128.25
  -6585.13,   -3008.31
   623.939,    7366.06
  -6585.13,   -3008.26
  -6583.84,   -3006.75
    -217.9,    -97.898
  -217.306,   -97.6793
  -217.306,   -97.6793
  -6581.75,   -3004.29
  -217.599,   -97.4742
  -217.144,   -97.3073
  -217.144,   -97.3073
  -217.144,   -97.3073
  -6579.76,   -3001.96
  -216.644,   -96.0926
  -216.134,   -95.9077
  -216.134,   -95.9077
  -216.134,   -95.9077
  -216.134,   -95.9077
  -6577.96,   -2999.85
   -217.14,   -96.8375
  -216.601,   -96.6408
  -216.601,   -96.6408
  -216.601,   -96.6408
  -6576.18,   -2997.76
   -216.87,   -96.2065
  -216.296,   -95.9982
  -216.296,   -95.9982
  -216.296,   -95.9982
  -216.296,   -95.9982
  -216.296,   -95.9982
  -6574.48,   -2995.76
  -216.883,   -96.4965
  -216.452,   -96.3397
  -216.452,   -96.3397
  -216.452,   -96.3397
  -216.452,   -96.3397
  -6572.95,   -2993.97
  -216.629,   -96.1404
  -216.159,     -95.97
  -216.159,     -95.97
  -216.159,     -95.97
  -216.159,     -95.97
   -6571.4,   -2992.15
  -217.673,   -97.6965
  -217.152,   -97.5048
  -217.152,   -97.5048
  -6570.34,    -2990.9
  -218.082,   -98.3198
  -217.731,   -98.1902
  -217.731,   -98.1902
  -6569.74,    -2990.2
  -217.145,   -96.9315
  -216.677,   -96.7606
  -216.677,   -96.7606
  -216.677,   -96.7606
  -6568.68,   -2988.96
  -217.288,   -97.1551
  -216.655,   -96.9231
  -216.655,   -96.9231
  -6567.94,   -2988.09
  -217.754,   -97.8549
  -217.456,   -97.7454
  -217.456,   -97.7454
  -217.456,   -97.7454
   -6567.2,   -2987.22
  -216.992,   -96.7336
  -216.507,   -96.5567
  -216.507,   -96.5567
  -216.507,   -96.5567
  -6566.61,   -2986.53
  -217.917,   -98.0056
  -217.522,     -97.86
  -217.522,     -97.86
  -217.522,     -97.86
  -6566.27,   -2986.25
  -217.034,   -96.6076
  -216.582,   -96.4429
  -216.582,   -96.4429
  -216.582,   -96.4429
  -216.582,   -96.4429
  -216.582,   -96.4429
  -6566.13,   -2986.15
  -217.367,   -97.3042
  -216.796,   -97.0949
  -216.796,   -97.0949
  -6566.24,    -2986.1
   -216.62,   -96.1974
  -216.049,     -95.99
  -216.049,     -95.99
  -216.049,     -95.99
  -6565.94,   -2985.75
  -217.012,   -96.7769
  -216.543,   -96.6057
  -216.543,   -96.6057
  -216.543,   -96.6057
   -6565.8,   -2985.58
  -217.123,   -96.9424
  -216.684,   -96.7817
  -216.684,   -96.7817
  -216.684,   -96.7817
  -6565.66,   -2985.42
  -215.914,   -95.1753
  -215.356,   -94.9743
  -215.356,   -94.9743
  -215.356,   -94.9743
  -215.356,   -94.9743
  -6568.35,   -2988.69
  -217.262,   -97.1235
  -216.836,   -96.9675
  -216.836,   -96.9675
  -216.836,   -96.9675
  -6568.05,   -2988.45
  -216.657,   -95.9931
  -216.098,   -95.7905
  -216.098,   -95.7905
  -216.098,   -95.7905
  -216.098,   -95.7905
  -216.098,   -95.7905
  -6567.99,   -2988.41
  -217.954,   -98.1623
  -217.584,   -98.0258
  -217.584,   -98.0258
  -6571.38,   -2992.13
  -218.028,   -98.2261
  -217.257,   -97.9415
   6000.26,    -4129.8
  -6585.06,   -3007.18
   626.046,    7364.63
   196.768,   -137.399
    196.21,   -136.921
    196.21,   -136.921
   6000.25,   -4130.88
  -6584.98,   -3006.41
   627.523,    7363.64
  -218.468,   -98.6789
  -217.686,   -98.3894
   6000.24,   -4131.86
  -6584.94,   -3005.76
   628.826,    7362.76
  -6584.94,   -3005.74
  -6584.61,   -3005.48
  -6584.16,   -3005.11
  -217.835,   -97.7324
  -217.419,   -97.5798
  -217.419,   -97.5798
  -217.419,   -97.5798
  -6583.41,   -3004.51
  -216.077,   -95.1781
  -215.438,   -94.9479
  -215.438,   -94.9479
  -215.438,   -94.9479
  -215.438,   -94.9479
     -6583,   -3004.17
   -218.14,   -98.2133
  -217.649,    -98.032
  -217.649,    -98.032
  -6582.73,   -3003.96
  -215.981,   -95.0534
  -215.327,   -94.8184
  -215.327,   -94.8184
  -215.327,   -94.8184
  -215.327,   -94.8184
  -6582.52,   -3003.78
  -217.667,   -97.3279
  -217.129,   -97.1309
  -217.129,   -97.1309
  -217.129,   -97.1309
  -217.129,   -97.1309
   6000.13,    -4133.3
  -6585.43,   -3005.57
    630.34,    7361.42
   21.2297,    244.849
   21.2051,    244.704
   6000.02,    -4134.8
  -6585.94,   -3005.37
   631.913,    7360.04
   199.001,    -137.74
   198.658,   -137.449
   5999.94,   -4136.31
  -6586.43,   -3005.16
   633.496,    7358.66
   196.233,   -137.569
   195.801,   -137.198
   195.801,   -137.198
   195.801,   -137.198
   6000.01,   -4137.83
  -6586.88,   -3004.95
   635.103,     7357.3
   635.104,     7357.3
    635.11,    7357.27
   22.2912,    242.944
   22.1921,    242.375
   22.1921,    242.375
   6000.06,   -4139.34
  -6587.35,   -3004.72
   636.685,    7356.03
   198.289,   -137.836
   198.092,   -137.669
   198.092,   -137.669
   198.092,   -137.669
   636.687,    7356.03
   636.726,    7355.78
   23.1224,    241.284
   23.0648,    240.961
   23.0648,    240.961
   23.0648,    240.961
   23.0648,    240.961
   23.0648,    240.961
   23.0648,    240.961
   6000.16,   -4141.21
  -6587.96,   -3004.37
   638.639,    7354.61
   6000.24,   -4142.69
  -6588.44,    -3004.1
   640.175,     7353.5
  -218.572,   -98.7351
  -218.146,    -98.577
   6000.23,   -4143.68
  -6588.91,   -3003.86
   641.139,    7353.04
  -219.608,   -100.125
  -219.607,   -100.125
    21.368,    245.078
   21.3672,    245.073
   6000.21,    -4144.9
  -6589.49,   -3003.56
   642.327,    7352.48
   6000.13,   -4145.06
  -6589.24,   -3003.74
   642.659,    7351.42
   22.4795,    242.873
   22.3854,    242.335
   22.3854,    242.335
   6000.07,   -4145.16
  -6589.05,   -3003.86
   642.892,    7350.67
   22.5796,    242.658
   22.4769,    242.074
   22.4769,    242.074
    5999.9,   -4145.37
  -6588.67,    -3004.1
   643.374,     7349.1
   198.864,   -138.081
   198.476,    -137.75
   6000.17,   -4145.61
  -6588.23,   -3004.27
   643.876,    7347.86
  -218.189,   -97.8743
  -217.754,   -97.7143
  -217.754,   -97.7143
  -217.754,   -97.7143
  -217.754,   -97.7143
  -6587.86,   -3004.55
   643.906,    7345.33
  -219.079,   -99.3361
  -218.768,   -99.2203
  -218.768,   -99.2203
   643.909,    7343.42
   643.928,    7343.41
   643.931,    7341.62
   643.936,     7338.6
   21.8641,    243.783
   21.8289,    243.579
   21.8289,    243.579
   643.937,     7338.6
   643.949,    7338.53
   643.956,    7338.48
   643.965,    7338.42
   643.972,    7338.38
   22.3225,    242.617
   22.2251,    242.059
    643.94,    7336.49
   22.3959,    242.782
   22.3165,    242.328
   22.3165,    242.328
   22.3165,    242.328
   643.942,    7335.04
   22.0179,    243.353
   21.9691,    243.071
   21.9691,    243.071
   643.945,    7333.49
   643.946,    7333.49
   643.952,    7333.45
   643.968,    7333.35
   22.6121,    241.778
   22.4806,    241.031
   643.947,    7332.74
   22.4231,    242.749
   22.3183,     242.15
   22.3183,     242.15
   22.3183,     242.15
    643.95,    7331.16
   22.1946,    242.865
     22.13,    242.494
     22.13,    242.494
   643.957,    7331.15
   643.958,    7330.36
   643.961,    7328.73
   22.2475,    242.804
   22.1478,    242.231
   22.1478,    242.231
   643.962,     7328.1
   22.2901,    242.569
   22.2169,     242.15
   22.2169,     242.15
   643.963,    7327.68
   22.3986,    242.334
   22.3156,    241.859
   22.3156,    241.859
   643.963,    7327.27
   22.4238,    242.268
   22.3668,    241.943
   22.3668,    241.943
   22.3668,    241.943
   643.986,    7327.12
   22.3052,    242.643
   22.2516,    242.336
   22.2516,    242.336
   22.2516,    242.336
   22.2516,    242.336
   643.971,     7328.7
   644.007,     7328.6
   22.3389,     242.49
   22.1841,    241.603
    643.95,    7331.06
   22.4411,    242.097
   22.3297,    241.461
   643.934,    7341.62
   22.6094,    242.549
   22.5112,    241.991
   22.5112,    241.991
   22.5112,    241.991
   643.941,    7341.58
   22.0383,     243.53
   21.9372,    242.946
   643.941,    7341.58
   5999.89,   -4145.37
   5999.41,   -4145.09
   5998.92,   -4144.79
   199.103,   -138.142
   198.899,   -137.968
   198.899,   -137.968
   198.899,   -137.968
   5998.65,   -4144.63
   5998.42,    -4144.5
   197.732,   -137.967
   197.478,    -137.75
   197.478,    -137.75
   197.478,    -137.75
   5998.17,   -4144.35
   5998.05,    -4144.3
   197.966,    -137.98
    197.74,   -137.788
    197.74,   -137.788
    197.74,   -137.788
   5997.98,   -4144.28
   5997.91,   -4144.25
   198.073,   -137.988
   197.434,   -137.442
   5998.88,   -4144.78
   198.922,   -138.068
   198.744,   -137.916
   198.744,   -137.916
   640.183,    7353.49
   640.183,    7352.04
   640.205,    7351.89
     22.71,    242.471
   22.3579,    240.468
   640.181,    7351.78
   21.8124,    244.224
   21.7361,     243.78
   21.7361,     243.78
    640.18,    7351.68
   640.212,    7351.59
   22.1245,    243.438
   22.0554,     243.04
   22.0554,     243.04
    640.21,    7351.57
    21.388,    244.924
   21.3786,    244.868
   640.186,    7352.03
   640.207,    7351.97
   22.1337,    243.433
    21.994,    242.627
    640.29,    7351.74
   21.6073,     244.54
   21.5405,    244.148
   640.356,    7351.55
   21.3778,    244.938
   21.3732,    244.911
    640.41,     7351.4
   640.451,    7351.28
   640.519,    7351.09
   640.579,    7350.92
    640.58,    7350.57
   640.581,    7350.35
   21.9173,     243.69
   21.8538,    243.321
   640.605,    7350.19
   640.606,    7350.19
   640.599,     7350.1
   640.599,     7350.1
   640.599,     7350.1
    21.598,    244.596
   21.4842,    243.929
   640.612,    7350.15
   21.9214,    243.676
   21.8575,    243.306
  -6588.37,   -3004.02
   -217.95,   -97.8922
  -217.266,   -97.6404
   6000.42,   -4128.26
   5999.39,   -4127.66
   197.186,   -137.365
   196.705,   -136.954
   196.705,   -136.954
   5998.25,   -4126.99
   196.533,   -137.292
   195.946,   -136.789
   195.946,   -136.789
    5998.2,   -4126.97
   5998.06,   -4126.92
     196.2,   -137.262
   195.556,    -136.71
   195.556,    -136.71
   5997.33,   -4126.45
   197.464,   -137.352
   197.043,   -136.993
   197.043,   -136.993
   5996.35,   -4125.88
   5995.47,   -4125.37
    196.74,   -137.263
   195.669,   -136.347
   5995.31,   -4125.27
    5995.3,   -4125.27
   198.452,   -137.394
   198.213,   -137.191
   198.213,   -137.191
   5995.28,   -4125.25
   5995.17,   -4125.19
   5995.06,   -4125.12
   5994.94,   -4125.06
   5994.87,   -4125.01
   5994.78,   -4124.98
   197.122,   -137.156
    196.58,   -136.694
   5994.86,   -4125.01
   199.655,   -137.464
   199.623,   -137.436
   5995.44,   -4125.35
   5995.26,   -4125.28
   196.449,   -137.236
   195.865,   -136.736
   195.865,   -136.736
   5995.23,   -4125.27
   197.569,   -137.152
   197.421,   -137.025
   6018.17,   -4131.77
   6017.32,   -4131.44
   6016.49,   -4130.88
   6016.45,   -4130.88
   6016.45,   -4130.88
   195.311,   -137.438
    194.62,   -136.842
    194.62,   -136.842
    194.62,   -136.842
    194.62,   -136.842
   6016.42,   -4130.87
   6016.42,   -4130.87
   6015.34,   -4130.14
   6015.31,   -4130.14
   6015.31,   -4130.14
   195.948,   -137.451
   195.346,   -136.934
   195.346,   -136.934
   195.346,   -136.934
   195.346,   -136.934
   6015.28,   -4130.13
   6015.28,   -4130.13
   6014.03,   -4129.29
   6013.92,   -4129.21
    6013.9,   -4129.21
    6013.9,   -4129.21
   196.268,    -137.44
   195.715,   -136.965
   195.715,   -136.965
   195.715,   -136.965
   195.715,   -136.965
   6013.89,    -4129.2
   6013.89,    -4129.2
   6013.64,   -4129.04
   6013.63,   -4129.03
   6013.63,   -4129.03
   194.835,   -137.171
   194.352,   -136.754
   194.352,   -136.754
   194.352,   -136.754
   194.352,   -136.754
   6013.62,   -4129.03
   6013.62,   -4129.03
   6013.45,   -4128.91
   6013.44,   -4128.91
   6013.44,   -4128.91
   196.704,   -137.454
    196.21,    -137.03
    196.21,    -137.03
    196.21,    -137.03
    196.21,    -137.03
   6013.44,   -4128.91
   6013.44,   -4128.91
   6013.38,   -4128.88
   6013.38,   -4128.88
   6013.38,   -4128.88
   197.511,   -137.396
   197.174,   -137.109
   197.174,   -137.109
   197.174,   -137.109
   6013.38,   -4128.88
   6013.38,   -4128.88
   6013.38,   -4128.88
   6013.38,   -4128.88
   6013.38,   -4128.88
   6013.53,   -4128.95
   6013.52,   -4128.95
   6013.52,   -4128.95
   197.648,   -137.502
   197.154,   -137.081
   197.154,   -137.081
   197.154,   -137.081
   6013.51,   -4128.95
   6013.51,   -4128.95
   6013.37,   -4128.85
   6013.36,   -4128.85
   6013.36,   -4128.85
   195.795,   -137.251
   195.261,   -136.793
   195.261,   -136.793
   195.261,   -136.793
   6013.36,   -4128.84
   6013.36,   -4128.84
    6013.3,   -4128.81
    6013.3,   -4128.81
    6013.3,   -4128.81
   195.864,   -137.256
   195.338,   -136.805
   195.338,   -136.805
   195.338,   -136.805
   6032.85,   -4135.02
   599.782,     7362.1
   6032.68,   -4135.01
   599.805,    7361.63
   6032.15,   -4134.99
   599.877,    7360.16
    20.475,    244.356
   20.3946,    243.873
   600.057,    7359.04
   21.1176,    243.216
   21.0264,    242.678
   21.0264,    242.678
   21.0264,    242.678
   600.287,    7357.62
   21.6398,    242.203
   21.5381,    241.611
   21.5381,    241.611
   21.5381,    241.611
   21.5381,    241.611
   600.407,    7356.88
   20.7314,     243.77
   20.6106,    243.048
   600.456,    7356.57
   21.7571,    241.681
   21.6812,    241.242
   21.6812,    241.242
   21.6812,    241.242
   21.6812,    241.242
   600.534,    7356.09
   22.0644,    241.039
   21.8846,    240.004
   21.8846,    240.004
   600.575,    7355.83
   20.5414,    244.126
   20.4537,    243.599
   600.642,    7355.42
   20.8947,    243.408
   20.8208,    242.969
   20.8208,    242.969
   600.691,    7355.12
   600.702,    7355.05
   20.9113,    243.367
   20.8361,     242.92
   20.8361,     242.92
   600.721,    7354.93
   600.735,    7354.85
    21.305,    242.768
   21.1997,    242.149
   21.1997,    242.149
   21.1997,    242.149
   6031.11,   -4134.71
   599.756,    7359.18
   21.3603,    242.533
   21.2429,    241.845
   21.2429,    241.845
   6029.89,   -4134.23
   197.897,   -137.564
   197.362,   -137.108
   197.362,   -137.108
   6029.01,   -4133.88
   198.571,   -137.608
   198.158,   -137.256
   198.158,   -137.256
   6028.11,   -4133.53
   199.493,   -137.716
   199.239,   -137.501
   199.239,   -137.501
   199.239,   -137.501
   6027.23,   -4133.18
   6026.72,   -4132.98
   6026.31,   -4132.82
   197.358,   -137.482
   196.751,   -136.964
   196.751,   -136.964
   6025.73,   -4132.59
   197.817,   -137.718
   197.087,   -137.095
   197.087,   -137.095
   197.087,   -137.095
   6025.46,   -4132.48
    197.38,   -137.475
   196.783,   -136.965
   196.783,   -136.965
   6025.31,   -4132.42
   198.754,   -137.582
   198.394,   -137.276
   198.394,   -137.276
   6025.23,   -4132.39
   198.652,   -137.574
   198.274,   -137.253
   198.274,   -137.253
   6027.23,   -4133.18
    6027.2,   -4133.16
   6027.18,   -4133.15
   6027.18,   -4133.15
   6027.18,   -4133.15
   199.776,   -137.678
   199.387,   -137.349
   599.873,    7358.45
   599.882,    7358.44
   20.9341,    243.135
   20.8325,    242.532
    599.99,    7357.78
   20.9191,    243.674
   20.7756,     242.82
   20.7756,     242.82
    600.04,    7357.46
     20.81,    243.734
   20.7445,    243.344
   20.7445,    243.344
   20.7445,    243.344
   600.076,    7357.24
   20.8784,    243.603
   20.8073,     243.18
   20.8073,     243.18
   20.8073,     243.18
   600.092,    7357.14
   21.2449,    242.917
   21.1684,    242.467
   21.1684,    242.467
   21.1684,    242.467
   21.1684,    242.467
   599.994,    7357.75
   21.5415,    241.727
   21.4563,    241.231
   21.4563,    241.231
   599.958,    7361.55
   20.4884,    244.381
   20.4063,    243.887
   599.993,    7361.54
    600.85,    7359.14
    21.938,    241.422
   21.8265,    240.779
   21.8265,    240.779
   21.8265,    240.779
   601.351,    7357.73
   23.3901,    238.361
   23.1844,    237.222
   23.1844,    237.222
   23.1844,    237.222
   601.911,    7356.16
   22.9805,    239.217
   22.8038,    238.228
   22.8038,    238.228
   22.8038,    238.228
   602.334,    7354.98
   22.7973,    239.593
   22.6336,    238.672
   22.6336,    238.672
   22.6336,    238.672
     602.7,    7353.96
     22.73,    239.725
   22.5715,    238.831
   22.5715,    238.831
   22.5715,    238.831
   603.022,    7353.06
   603.278,    7352.35
   22.2018,    240.813
   22.0784,    240.107
   22.0784,    240.107
   22.0784,    240.107
     603.5,    7351.73
   22.2077,    240.795
   22.0844,     240.09
   22.0844,     240.09
   22.0844,     240.09
   603.685,    7351.21
   22.8486,     239.45
   22.7253,    238.757
   22.7253,    238.757
   22.7253,    238.757
   22.7253,    238.757
   603.808,    7350.87
   22.0561,    241.101
   21.9429,    240.451
   21.9429,    240.451
   21.9429,    240.451
   603.875,    7350.68
   22.0524,    241.412
   21.9307,    240.712
   21.9307,    240.712
   21.9307,    240.712
   21.9307,    240.712
   603.071,    7352.92
   21.9458,    241.347
   21.8382,    240.727
   21.8382,    240.727
   21.8382,    240.727
   603.078,     7352.9
   20.6143,    244.048
   20.5712,     243.79
   20.5712,     243.79
  -6637.31,   -3144.62
     -6635,   -3142.69
  -219.892,    -102.65
  -219.494,   -102.497
  -219.494,   -102.497
  -219.494,   -102.497
  -219.494,   -102.497
  -6631.79,   -3140.02
  -220.026,   -103.082
  -219.628,   -102.928
  -219.628,   -102.928
  -6629.51,   -3138.11
  -219.634,   -102.376
  -219.072,    -102.16
  -219.072,    -102.16
  -219.072,    -102.16
  -6627.84,   -3136.72
  -219.586,   -102.341
  -219.026,   -102.126
  -219.026,   -102.126
  -219.026,   -102.126
  -6626.53,   -3135.63
   -219.03,   -101.678
  -218.553,   -101.496
  -218.553,   -101.496
  -218.553,   -101.496
  -6626.28,   -3135.42
  -219.656,     -102.5
  -219.148,   -102.305
  -219.148,   -102.305
  -219.148,   -102.305
  -6626.18,   -3135.34
  -218.381,   -100.703
   -217.74,   -100.459
   -217.74,   -100.459
   -217.74,   -100.459
  -6625.19,   -3134.51
  -219.876,   -103.008
  -219.505,   -102.865
  -219.505,   -102.865
  -6625.19,   -3134.48
  -6623.44,   -3133.03
  -218.573,   -100.803
  -217.883,   -100.542
  -217.883,   -100.542
  -217.883,   -100.542
  -217.883,   -100.542
  -6622.29,   -3132.07
  -219.656,    -102.61
  -219.205,   -102.436
  -219.205,   -102.436
  -219.205,   -102.436
  -6621.58,   -3131.47
  -219.016,   -101.575
  -218.306,   -101.304
  -218.306,   -101.304
  -218.306,   -101.304
  -6620.89,    -3130.9
  -220.134,   -103.511
  -219.707,   -103.345
  -6620.77,    -3130.8
  -218.933,   -101.663
  -218.254,   -101.404
  -218.254,   -101.404
  -6620.18,    -3130.3
  -219.176,   -101.875
  -218.708,   -101.696
  -218.708,   -101.696
  -218.708,   -101.696
  -218.708,   -101.696
  -6619.68,   -3129.89
  -218.991,   -101.585
  -218.297,    -101.32
  -218.297,    -101.32
  -218.297,    -101.32
  -6619.37,   -3129.63
  -219.636,   -102.775
  -219.248,   -102.625
  -219.248,   -102.625
  -6619.05,   -3129.36
  -219.277,   -102.073
  -218.712,   -101.856
  -218.712,   -101.856
  -218.712,   -101.856
  -6618.84,   -3129.19
  -219.476,   -102.542
  -219.033,   -102.371
  -219.033,   -102.371
  -6618.69,   -3129.07
  -219.336,   -102.006
  -218.871,   -101.827
  -218.871,   -101.827
  -218.871,   -101.827
  -218.871,   -101.827
  -218.871,   -101.827
  -6628.65,   -3137.39
  -6628.65,   -3137.38
  -6627.79,   -3136.66
  -219.317,   -101.683
  -218.734,   -101.461
  -218.734,   -101.461
  -218.734,   -101.461
  -218.734,   -101.461
  -218.734,   -101.461
  -6627.08,   -3136.07
   -219.07,   -101.725
  -218.598,   -101.544
  -218.598,   -101.544
  -218.598,   -101.544
  -6626.72,   -3135.76
  -219.521,   -102.424
  -218.993,   -102.221
  -218.993,   -102.221
  -6626.31,   -3135.43
  -218.083,   -100.251
  -217.364,   -99.9791
  -217.364,   -99.9791
  -217.364,   -99.9791
  -6626.13,   -3135.27
  -219.865,   -102.969
  -219.479,   -102.819
  -219.479,   -102.819
  -6625.86,   -3135.05
  -219.016,   -101.672
  -218.541,    -101.49
  -218.541,    -101.49
  -218.541,    -101.49
  -6625.74,   -3134.95
  -219.335,   -102.161
  -218.747,   -101.936
  -218.747,   -101.936
  -6625.71,   -3134.93
  -219.907,   -103.044
  -219.543,   -102.903
  -219.543,   -102.903
   6092.29,    -4132.2
  -6637.66,   -3157.94
   554.528,    7377.75
   6092.16,   -4132.21
  -6637.62,   -3157.85
   554.614,    7377.59
   6092.11,   -4132.27
  -6637.63,   -3157.83
   554.718,    7377.55
   6087.15,   -4135.03
  -6636.61,   -3156.47
   559.792,    7370.59
   6081.88,   -4137.96
  -6635.52,   -3155.03
   565.172,    7363.21
   6077.36,   -4140.48
  -6634.58,   -3153.79
     569.8,    7356.86
   6072.87,   -4142.97
  -6633.66,   -3152.57
   574.381,    7350.57
   6070.57,   -4144.15
  -6633.06,   -3151.82
   576.957,    7347.33
  -6633.06,   -3151.82
  -6633.02,   -3151.79
  -219.824,   -103.281
  -219.291,   -103.075
  -6632.95,   -3151.73
  -6632.89,   -3151.68
  -220.481,   -104.117
  -220.011,   -103.934
   6069.08,   -4144.92
  -6632.69,   -3151.38
    578.61,    7345.22
  -220.562,   -104.245
  -220.362,   -104.167
  -220.362,   -104.167
   6067.23,   -4146.32
  -6631.93,   -3150.71
    581.44,    7341.66
  -219.595,   -102.761
  -218.459,   -102.323
   6064.37,   -4148.53
   -6630.8,   -3149.78
    585.78,    7336.13
  -219.874,   -103.389
  -219.634,   -103.296
  -219.634,   -103.296
   6060.57,   -4151.48
  -6629.34,   -3148.59
   591.532,    7328.78
  -219.884,    -103.27
  -219.462,   -103.107
  -219.462,   -103.107
      6059,   -4152.71
  -6628.76,   -3148.14
   593.893,    7325.74
  -220.146,   -103.596
  -219.641,     -103.4
  -219.641,     -103.4
   6058.06,   -4153.46
  -6628.42,    -3147.9
   595.303,    7323.91
  -6628.42,    -3147.9
   -6627.8,   -3147.52
  -219.371,   -102.523
   -218.77,   -102.291
   -218.77,   -102.291
  -6627.42,   -3147.29
  -6627.06,   -3147.07
  -219.727,   -103.268
  -219.238,   -103.078
  -6626.71,   -3146.86
  -6626.55,   -3146.76
    -219.8,   -103.224
  -219.382,   -103.062
  -219.382,   -103.062
  -6626.66,    -3146.8
  -220.029,   -103.574
  -219.368,   -103.318
   6056.79,   -4154.42
  -6628.09,   -3147.65
   596.999,    7321.65
   20.7495,    242.331
   20.6777,    241.904
   20.6777,    241.904
   6055.64,   -4155.28
   -6627.8,   -3147.42
   598.523,    7319.63
   21.6588,    240.789
   21.5162,    239.962
   21.5162,    239.962
   21.5162,    239.962
   6053.37,   -4156.81
  -6627.13,   -3146.79
   601.659,    7315.81
   21.2544,    241.616
   21.1556,    241.036
   21.1556,    241.036
   21.1556,    241.036
   6050.06,   -4159.11
  -6626.42,   -3146.02
   605.686,     7310.5
   22.1206,    240.051
   21.9977,    239.347
   21.9977,    239.347
   21.9977,    239.347
   21.9977,    239.347
   6049.06,   -4159.77
  -6626.23,   -3145.76
   606.838,    7308.99
   21.0303,    242.125
   20.9317,    241.543
   20.9317,    241.543
   6046.52,   -4161.42
  -6625.77,    -3145.1
   609.702,    7305.24
  -218.337,   -100.687
  -217.706,   -100.448
  -217.706,   -100.448
  -217.706,   -100.448
  -217.706,   -100.448
  -217.706,   -100.448
   6045.17,   -4162.33
  -6625.58,   -3144.85
   611.194,    7303.22
   6043.78,   -4163.27
  -6625.39,    -3144.6
   612.727,    7301.14
  -218.286,   -100.898
  -217.626,   -100.647
  -217.626,   -100.647
  -217.626,   -100.647
  -6625.39,    -3144.6
  -6625.26,   -3144.53
  -219.985,   -103.504
  -219.656,   -103.376
  -219.656,   -103.376
    6041.3,      -4165
  -6625.14,   -3144.33
   615.412,     7297.4
  -220.025,   -103.566
  -219.402,   -103.324
   6039.66,   -4165.47
  -6625.42,   -3143.73
   615.923,    7296.78
   6036.48,   -4166.38
  -6625.98,   -3142.55
   616.915,    7295.58
   616.935,    7295.57
   617.158,    7294.94
   21.4478,    241.374
   21.3719,    240.932
   21.3719,    240.932
    617.45,    7294.12
   21.9223,    240.613
   21.8092,    239.962
   21.8092,    239.962
   21.8092,    239.962
   617.762,    7293.24
   21.6907,    241.039
   21.5987,    240.506
   21.5987,    240.506
   21.5987,    240.506
   617.971,    7292.66
    22.096,    240.029
   21.9637,    239.271
   21.9637,    239.271
   618.193,    7292.03
   22.0977,    240.258
   21.9712,    239.532
   21.9712,    239.532
   21.9712,    239.532
   618.371,    7291.53
   22.4561,    239.569
   22.3373,    238.895
   22.3373,    238.895
   22.3373,    238.895
   22.3373,    238.895
   618.476,    7291.24
   21.5411,    241.297
   21.4639,    240.848
   21.4639,    240.848
   21.4639,    240.848
   618.563,       7291
   21.8121,    240.786
   21.7117,    240.206
   21.7117,    240.206
   21.7117,    240.206
   618.608,    7290.87
   22.3658,    239.456
     22.21,     238.57
     22.21,     238.57
   6032.35,   -4167.17
  -6627.02,   -3140.83
    617.38,    7295.17
  -216.917,    -98.657
   -216.15,   -98.3705
   -216.15,   -98.3705
   -216.15,   -98.3705
   -216.15,   -98.3705
   6029.45,   -4167.78
  -6627.83,   -3139.79
   617.681,    7294.82
  -219.023,   -101.736
  -218.286,   -101.454
  -218.286,   -101.454
  -6627.83,   -3139.78
  -6627.78,   -3139.72
  -219.882,   -103.056
  -219.079,   -102.745
   6026.32,   -4168.49
  -6628.77,    -3138.8
   617.983,    7294.39
  -219.093,   -101.764
  -218.372,   -101.488
  -218.372,   -101.488
   6022.84,   -4169.33
  -6629.86,    -3137.8
   618.306,    7293.87
  -219.674,   -102.758
  -219.123,   -102.546
   6022.72,   -4169.33
  -6629.85,   -3137.75
   618.351,    7293.84
   6022.67,   -4169.39
  -6629.89,   -3137.74
   618.366,    7293.84
   6019.18,   -4170.23
  -6630.99,   -3136.77
   618.683,    7293.31
   6019.18,   -4170.23
  -6630.99,   -3136.77
   618.683,    7293.31
   6017.93,   -4170.54
  -6631.39,   -3136.41
   618.801,    7293.13
   6011.93,   -4172.01
  -6633.28,   -3134.66
   619.407,    7292.24
   199.295,   -139.006
   199.006,   -138.759
   199.006,   -138.759
   6006.06,   -4173.48
  -6635.12,   -3132.91
    620.04,    7291.37
   197.927,   -138.998
   197.529,   -138.654
   197.529,   -138.654
   197.529,   -138.654
   6001.84,   -4174.57
  -6636.43,   -3131.58
   620.588,    7290.72
   197.679,   -138.949
    197.27,   -138.597
    197.27,   -138.597
   6000.27,   -4174.99
  -6636.92,   -3131.07
   620.809,    7290.48
   6000.27,   -4174.99
   6000.08,   -4174.91
   196.406,   -138.855
    195.79,    -138.32
    195.79,    -138.32
   6000.18,      -4175
  -6636.91,   -3131.02
   620.853,    7290.45
   6000.13,   -4175.04
  -6636.94,   -3131.01
   620.869,    7290.45
   5996.77,   -4175.96
  -6637.97,   -3129.87
   621.403,    7289.91
   5996.75,   -4175.97
   5996.24,   -4175.76
   197.268,   -138.968
   196.821,   -138.582
   196.821,   -138.582
   5994.97,   -4175.24
   195.335,   -138.781
   194.822,   -138.334
   194.822,   -138.334
   194.822,   -138.334
    5993.9,   -4174.81
   193.816,   -138.623
   193.304,   -138.175
   193.304,   -138.175
   193.304,   -138.175
   193.304,   -138.175
   5993.06,   -4174.47
   196.374,   -138.967
   195.928,   -138.581
   195.928,   -138.581
   195.928,   -138.581
   195.928,   -138.581
   5992.37,    -4174.2
   194.407,   -138.665
    193.95,   -138.266
    193.95,   -138.266
    193.95,   -138.266
    193.95,   -138.266
   5991.94,   -4174.02
   196.062,   -138.936
   195.581,   -138.518
   195.581,   -138.518
   195.581,   -138.518
   195.581,   -138.518
   5991.73,   -4173.94
   194.848,   -138.701
   194.291,   -138.216
   194.291,   -138.216
   194.291,   -138.216
   5994.89,    -4176.7
  -6638.46,   -3128.82
   622.214,    7289.49
  -219.949,   -102.102
  -219.395,    -101.89
  -219.395,    -101.89
  -219.395,    -101.89
   5992.93,   -4177.51
  -6639.02,   -3127.85
   623.038,    7289.01
   198.618,   -139.147
   198.227,    -138.81
   5991.06,    -4178.3
  -6639.55,    -3126.9
    623.85,    7288.55
   22.2885,    239.895
   22.0232,     238.38
   5988.79,   -4179.21
  -6640.21,   -3125.73
   624.752,     7288.1
   5988.75,   -4179.24
   5987.23,   -4178.93
   198.943,   -139.203
   198.818,   -139.096
   5985.01,   -4178.47
   196.105,   -139.097
   195.511,   -138.581
   195.511,   -138.581
   195.511,   -138.581
   5981.85,   -4177.83
   196.475,   -139.006
   195.975,   -138.572
   195.975,   -138.572
   5981.49,   -4177.75
   194.104,   -138.955
   193.413,    -138.35
   193.413,    -138.35
   193.413,    -138.35
   193.413,    -138.35
   5980.18,   -4177.49
   194.152,   -138.784
   193.266,   -138.008
   193.266,   -138.008
   5977.86,   -4177.01
   195.767,   -138.927
   195.169,   -138.407
   195.169,   -138.407
   5976.57,   -4176.75
   195.549,   -138.902
   194.921,   -138.355
   194.921,   -138.355
   5974.14,   -4176.25
   193.923,   -138.907
   193.241,   -138.309
   193.241,   -138.309
   193.241,   -138.309
   193.241,   -138.309
    5972.1,   -4175.83
   193.596,   -138.875
    192.88,   -138.246
    192.88,   -138.246
    192.88,   -138.246
    192.88,   -138.246
   5970.47,    -4175.5
   193.865,   -138.885
   193.191,   -138.294
   193.191,   -138.294
   193.191,   -138.294
   193.191,   -138.294
   5969.21,   -4175.24
   194.474,   -138.919
   193.885,   -138.403
   193.885,   -138.403
   193.885,   -138.403
   193.885,   -138.403
   5968.31,   -4175.06
   193.315,   -138.838
   192.579,   -138.191
   192.579,   -138.191
   192.579,   -138.191
   192.579,   -138.191
   5967.77,   -4174.95
   194.485,   -138.912
   193.903,   -138.403
   193.903,   -138.403
   193.903,   -138.403
   193.903,   -138.403
   5967.57,    -4174.9
   194.963,   -138.941
   194.272,   -138.338
   194.272,   -138.338
   194.272,   -138.338
   5989.46,   -4180.04
  -6639.71,   -3124.12
   626.875,    7287.83
  -220.828,   -103.392
  -220.455,   -103.248
   5990.39,   -4181.18
  -6639.05,   -3122.21
   629.614,    7287.34
   198.207,   -139.172
   197.914,   -138.919
   5990.39,   -4181.18
  -6639.05,   -3122.21
   629.614,    7287.35
  -6639.02,   -3122.18
  -6638.85,   -3122.04
  -219.174,   -100.835
  -218.356,   -100.525
  -218.356,   -100.525
   5991.19,   -4182.21
  -6638.55,   -3120.74
    631.92,    7286.87
  -6638.56,   -3120.74
  -6638.46,   -3120.63
  -6638.39,   -3120.54
  -6638.31,   -3120.45
  -219.329,   -101.044
  -217.827,   -100.474
   5992.09,   -4183.46
  -6638.06,   -3119.21
   634.545,    7286.26
   -221.06,   -103.707
   -220.98,   -103.677
   5992.54,    -4184.1
  -6637.81,   -3118.43
   635.892,    7285.94
  -220.704,   -103.192
  -220.478,   -103.105
   5992.51,    -4184.1
   5992.51,    -4184.1
   5992.29,   -4184.05
   198.521,   -139.358
   198.103,   -138.998
   5992.14,   -4183.99
   198.622,   -139.441
   197.825,   -138.756
   5993.42,   -4185.13
  -6637.37,   -3117.19
   638.095,    7285.44
   5993.92,   -4185.08
  -6635.89,   -3116.16
   639.679,    7284.04
   5993.91,   -4185.08
  -6635.86,   -3116.13
   639.694,    7283.99
   5993.92,   -4185.07
  -6635.85,    -3116.1
   639.729,    7283.98
    197.31,   -139.169
   196.814,    -138.74
   5994.53,   -4184.97
   -6634.2,   -3114.89
   641.508,    7282.59
   5994.53,   -4184.97
   -6634.2,   -3114.89
   641.508,    7282.59
   -6634.2,   -3114.86
  -6630.74,   -3112.79
   -219.94,   -101.982
  -219.266,   -101.725
  -219.266,   -101.725
  -6628.41,   -3111.39
  -6627.78,   -3110.87
  -6626.61,   -3109.91
  -220.192,   -102.434
  -219.777,   -102.275
  -219.777,   -102.275
  -219.777,   -102.275
  -6625.42,   -3108.91
  -219.489,   -101.223
  -218.878,   -100.991
  -218.878,   -100.991
  -218.878,   -100.991
  -218.878,   -100.991
   -6624.2,    -3107.9
  -219.343,   -101.199
  -218.887,   -101.026
  -218.887,   -101.026
  -218.887,   -101.026
  -218.887,   -101.026
  -6623.19,   -3107.07
  -218.506,   -100.124
  -217.924,   -99.9054
  -217.924,   -99.9054
  -217.924,   -99.9054
  -6622.52,   -3106.51
  -219.826,   -102.038
  -219.253,   -101.819
  -219.253,   -101.819
  -6622.05,   -3106.13
  -219.173,   -100.773
  -218.611,    -100.56
  -218.611,    -100.56
  -218.611,    -100.56
  -218.611,    -100.56
  -218.611,    -100.56
  -6621.91,   -3106.01
  -219.309,   -101.205
  -218.719,   -100.981
  -218.719,   -100.981
  -218.719,   -100.981
  -6621.97,   -3106.06
  -220.053,   -102.336
  -219.446,   -102.103
  -219.446,   -102.103
  -6621.71,   -3105.84
  -219.098,   -100.868
  -218.592,   -100.676
  -218.592,   -100.676
  -218.592,   -100.676
  -218.592,   -100.676
   -6621.5,   -3105.67
   -218.94,   -100.615
  -218.386,   -100.406
  -218.386,   -100.406
  -218.386,   -100.406
  -218.386,   -100.406
   5994.93,   -4185.77
  -6633.47,   -3115.65
   643.233,    7280.46
   21.8404,    241.734
    21.795,    241.472
   5995.37,   -4186.67
  -6632.65,   -3116.49
   645.157,     7278.1
   5995.73,   -4187.35
  -6631.96,   -3117.16
   646.687,    7276.33
      5996,   -4187.94
  -6631.46,   -3117.76
   647.902,    7274.79
   647.933,    7274.78
   647.934,    7273.93
   647.935,    7273.93
   647.955,    7273.81
   647.973,    7273.69
   22.9921,    239.203
   22.8293,    238.292
   647.937,    7271.33
   23.1674,    239.133
   23.0235,    238.331
   23.0235,    238.331
   647.938,    7269.59
   647.939,    7267.49
   22.3986,    240.723
   22.2955,    240.136
   22.2955,    240.136
   647.941,     7265.7
   647.942,    7263.89
   647.943,    7261.96
   22.1461,    240.924
   22.0484,    240.364
   647.947,    7258.31
    22.463,    240.295
   22.3885,    239.872
   22.3885,    239.872
   22.3885,    239.872
   647.948,    7256.29
    647.95,    7254.76
   22.5121,    239.936
   22.4299,     239.47
   22.4299,     239.47
   647.952,    7252.53
   647.953,    7250.74
   647.955,    7248.62
   22.4974,    239.762
   22.3358,    238.846
   647.957,    7245.88
   647.975,    7245.87
   648.072,    7245.24
   648.321,    7243.62
   22.7154,    239.171
   22.6153,    238.607
   22.6153,    238.607
   648.582,    7241.92
   22.8953,    238.759
   22.8177,    238.325
   22.8177,    238.325
   22.8177,    238.325
   648.715,    7241.05
   23.2296,    238.305
   23.1231,    237.714
   23.1231,    237.714
   23.1231,    237.714
   23.1231,    237.714
   648.762,    7240.75
   648.821,    7240.37
   23.7862,    236.855
   23.6508,    236.116
   23.6508,    236.116
   23.6508,    236.116
   648.889,    7239.93
   23.3415,    238.062
   23.2275,    237.432
   23.2275,    237.432
   23.2275,    237.432
   23.2275,    237.432
   648.908,     7239.8
   23.0878,     238.31
   22.9986,    237.814
   22.9986,    237.814
   22.9986,    237.814
   648.635,    7241.57
   22.1178,     240.43
   22.0539,    240.065
   22.0539,    240.065
   648.659,    7241.42
   23.1195,    238.281
   23.0278,    237.771
   23.0278,    237.771
   23.0278,    237.771
   648.681,    7241.27
   23.3393,    237.818
   23.2334,    237.233
   23.2334,    237.233
   23.2334,    237.233
   647.957,    7245.66
   647.958,     7245.4
   647.958,    7245.21
   22.9627,    238.318
    22.803,    237.426
   647.968,    7245.37
   22.0405,    240.465
   21.9899,    240.175
   647.951,    7256.29
   647.976,    7256.21
   22.6103,    239.512
   22.4934,    238.851
   647.939,    7269.59
   647.945,    7269.58
   647.976,    7269.49
   647.997,    7269.43
     22.58,     240.29
   22.4037,    239.291
   5995.85,      -4188
  -6631.46,   -3117.76
   647.981,    7274.65
   22.7771,    240.056
    22.706,    239.656
    22.706,    239.656
    22.706,    239.656
   5995.71,   -4188.04
  -6631.49,   -3117.78
   647.984,    7274.58
   23.1972,    238.748
   23.1031,    238.225
   23.1031,    238.225
   5995.58,   -4188.07
  -6631.54,   -3117.78
   647.955,    7274.56
  -6631.54,   -3117.78
  -6631.48,   -3117.73
   -220.45,    -103.02
  -219.996,   -102.845
   5995.33,   -4188.13
  -6631.63,   -3117.82
   647.893,     7274.5
   5995.14,   -4188.17
   -6631.7,   -3117.85
   647.848,    7274.45
   22.0787,    241.339
   22.0234,    241.021
   5995.07,   -4188.19
  -6631.73,   -3117.86
   647.836,    7274.43
   5995.02,    -4188.2
  -6631.75,   -3117.87
   647.827,    7274.41
   5995.02,    -4188.2
   5994.93,   -4188.17
   5994.83,   -4188.13
   196.663,   -139.179
   196.032,   -138.632
   5995.01,   -4188.21
  -6631.75,   -3117.88
   647.836,    7274.39
      5995,   -4188.23
  -6631.75,    -3117.9
   647.853,    7274.36
      5995,   -4188.23
  -6631.74,    -3117.9
    647.87,    7274.34
   21.9446,    241.741
   21.8824,    241.382
      5995,   -4188.23
  -6631.74,    -3117.9
    647.87,    7274.34
      5995,   -4188.23
  -6631.74,    -3117.9
    647.87,    7274.34
      5995,   -4188.23
   5994.96,    -4188.2
   199.271,   -139.549
   199.082,   -139.386
   5995.14,   -4188.17
   5994.79,   -4188.03
   198.382,   -139.472
   197.888,   -139.046
   5994.56,   -4187.93
    5994.4,   -4187.87
   5994.18,   -4187.78
   196.998,   -139.348
   196.036,   -138.515
  -6631.46,   -3117.76
  -6631.39,    -3117.7
  -220.483,   -103.008
  -220.137,   -102.874
  -220.137,   -102.874
  -6632.65,   -3116.48
  -6632.61,   -3116.45
  -220.352,   -102.682
  -220.126,   -102.595
  -220.126,   -102.595
  -220.126,   -102.595
  -220.126,   -102.595
   6006.06,   -4173.48
   6006.03,   -4173.46
   6005.95,   -4173.43
    198.72,   -138.986
   198.467,   -138.769
   198.467,   -138.769
   6017.93,   -4170.54
   199.068,   -138.887
   198.543,   -138.438
   6017.93,   -4170.54
   6017.92,   -4170.53
   200.416,    -138.98
   200.382,   -138.951
   6019.14,   -4170.24
     -6631,   -3136.78
   618.681,    7293.29
   21.1875,    241.947
   21.0902,    241.375
   6019.06,   -4170.22
  -6631.03,   -3136.79
   618.657,    7293.29
   198.085,   -138.795
   197.646,   -138.418
   197.646,   -138.418
   6019.06,   -4170.22
  -6631.03,   -3136.79
   618.657,    7293.29
   6019.06,   -4170.22
  -6631.03,   -3136.79
   618.657,    7293.29
   6019.06,   -4170.22
  -6631.03,   -3136.79
   618.657,    7293.29
  -6625.98,   -3142.55
  -6625.91,   -3142.51
  -6625.91,   -3142.51
  -6625.91,   -3142.51
  -219.477,   -102.617
  -218.405,   -102.204
   615.787,    7296.35
   615.843,    7296.31
   617.036,    7292.95
   22.4106,    239.325
   22.3007,    238.701
   22.3007,    238.701
   22.3007,    238.701
   618.217,    7289.61
   618.961,    7287.51
   21.4948,    241.152
   21.3451,     240.28
   620.014,    7284.53
   620.571,    7282.95
   21.0666,    241.971
   21.0008,    241.583
   621.224,     7281.1
    22.101,    239.852
   21.9776,    239.146
   21.9776,    239.146
   621.952,    7279.04
   22.6219,    238.755
   22.4516,    237.794
   22.4516,    237.794
   622.065,    7278.72
   24.7514,    234.189
   24.5946,    233.357
   24.5946,    233.357
   24.5946,    233.357
   24.5946,    233.357
   24.5946,    233.357
   622.085,    7278.66
     21.47,    241.116
   21.3425,    240.373
   622.726,    7276.86
   22.5753,    238.831
   22.4662,    238.215
   22.4662,    238.215
   22.4662,    238.215
   623.083,    7275.85
   22.9945,    237.945
    22.859,    237.188
    22.859,    237.188
    22.859,    237.188
   623.252,    7274.77
   22.8428,    238.239
   22.7175,    237.536
   22.7175,    237.536
   22.7175,    237.536
   623.321,    7274.33
   623.448,    7273.52
   21.8374,    240.289
   21.7446,    239.754
   21.7446,    239.754
   623.542,    7273.26
   22.9788,    237.923
   22.8452,    237.177
   22.8452,    237.177
   22.8452,    237.177
   623.575,    7273.16
   623.609,    7273.07
   23.0435,    237.785
   22.9057,    237.017
   22.9057,    237.017
   22.9057,    237.017
   623.561,     7273.2
   22.3263,    239.282
   22.1888,      238.5
   22.1888,      238.5
   623.632,       7273
   21.2244,    241.526
   21.1487,    241.082
   623.682,    7272.86
   623.705,    7272.79
   23.0753,    237.715
   22.9356,    236.938
   22.9356,    236.938
   22.9356,    236.938
   622.973,    7276.16
   22.7949,    238.694
   22.6625,     237.95
   22.6625,     237.95
   22.6625,     237.95
   22.6625,     237.95
   623.086,    7275.84
   22.5244,    238.927
   22.4192,    238.332
   22.4192,    238.332
   22.4192,    238.332
   623.151,    7275.66
   22.3716,    239.499
   22.2345,    238.719
   22.2345,    238.719
   22.2345,    238.719
   620.039,    7284.45
   22.0617,    239.965
   21.9385,    239.259
   21.9385,    239.259
   620.039,    7284.45
   620.038,    7284.45
   20.6695,    242.779
   20.6679,     242.77
   620.121,    7284.22
   23.5025,    236.946
   23.3707,    236.221
   23.3707,    236.221
   23.3707,    236.221
   23.3707,    236.221
   620.177,    7284.06
   21.7353,    240.956
    21.621,    240.294
    21.621,    240.294
    21.621,    240.294
   618.254,    7289.51
   21.5907,    240.977
     21.42,    239.984
   618.254,    7289.51
   618.255,    7289.51
   618.255,    7289.51
   618.255,    7289.51
   618.255,    7289.51
   618.255,    7289.51
   618.255,    7289.51
   618.255,    7289.51
   618.255,    7289.51
   618.284,    7289.42
   21.9253,    240.293
   21.8096,    239.627
   21.8096,    239.627
   618.328,     7289.3
   22.5825,    238.934
   22.4053,    237.932
   22.4053,    237.932
   595.309,    7323.91
   595.434,    7323.14
   21.2707,    241.222
   21.1893,    240.745
   21.1893,    240.745
   21.1893,    240.745
   595.521,    7322.62
   595.557,     7322.4
   595.584,    7322.23
    21.187,    241.582
   21.1211,    241.195
   21.1211,    241.195
   21.1211,    241.195
   21.1211,    241.195
   21.1211,    241.195
   595.568,    7322.33
   20.5676,    242.624
   20.4475,    241.905
   595.561,    7322.39
   595.562,    7322.39
    595.56,    7322.35
    595.56,    7322.35
    595.56,    7322.35
   20.3317,    243.095
   20.2514,    242.611
   6068.69,   -4144.76
   6068.68,   -4144.77
    6067.1,   -4144.15
   197.814,   -137.792
   197.432,   -137.466
   197.432,   -137.466
   197.432,   -137.466
   197.432,   -137.466
   6065.96,   -4143.71
   6064.91,   -4143.29
   196.963,   -137.696
   196.515,   -137.312
   196.515,   -137.312
   196.515,   -137.312
   196.515,   -137.312
   6064.19,   -4143.01
   198.383,   -137.809
   197.951,   -137.441
   197.951,   -137.441
   197.951,   -137.441
   6063.64,   -4142.79
    198.86,   -137.948
   198.428,   -137.581
   198.428,   -137.581
   198.428,   -137.581
   198.428,   -137.581
    6063.3,   -4142.66
   198.576,   -137.815
   197.965,   -137.296
   197.965,   -137.296
   6063.12,   -4142.59
   198.632,   -137.932
   198.172,    -137.54
   198.172,    -137.54
   198.172,    -137.54
   198.172,    -137.54
   6188.53,   -4095.75
  -6645.37,    -3279.1
   449.461,    7412.58
   69469.4,   -1045.69
  -35603.7,   -59616.9
  -33865.7,    60662.6
